OrderID,OrderDate,ProductID,Quantity,Region,ProductName,Category,UnitPrice,SalesAmount,Discount,FinalAmount
1001,2023-04-13,105,9,Dewas,Voltage Regulator,Protection,12000,108000,0.1,97200.0
1010,2023-08-03,105,7,Dewas,Voltage Regulator,Protection,12000,84000,0.05,79800.0
1017,2023-05-11,105,1,Indore,Voltage Regulator,Protection,12000,12000,0.1,10800.0
1026,2023-06-10,105,7,Bhopal,Voltage Regulator,Protection,12000,84000,0.0,84000.0
1032,2023-02-18,105,1,Indore,Voltage Regulator,Protection,12000,12000,0.05,11400.0
1033,2023-02-28,105,8,Indore,Voltage Regulator,Protection,12000,96000,0.1,86400.0
1036,2023-09-28,105,1,Dewas,Voltage Regulator,Protection,12000,12000,0.1,10800.0
1037,2023-07-09,105,1,Indore,Voltage Regulator,Protection,12000,12000,0.1,10800.0
1043,2023-11-16,105,2,Ujjain,Voltage Regulator,Protection,12000,24000,0.05,22800.0
1057,2023-12-12,105,3,Bhopal,Voltage Regulator,Protection,12000,36000,0.05,34200.0
1059,2024-01-21,105,2,Indore,Voltage Regulator,Protection,12000,24000,0.0,24000.0
1070,2023-01-02,105,1,Bhopal,Voltage Regulator,Protection,12000,12000,0.05,11400.0
1073,2023-04-16,105,3,Pithampur,Voltage Regulator,Protection,12000,36000,0.05,34200.0
1079,2023-06-11,105,6,Dewas,Voltage Regulator,Protection,12000,72000,0.1,64800.0
1083,2023-10-31,105,9,Indore,Voltage Regulator,Protection,12000,108000,0.05,102600.0
1087,2023-07-09,105,2,Dewas,Voltage Regulator,Protection,12000,24000,0.1,21600.0
1094,2023-02-22,105,4,Pithampur,Voltage Regulator,Protection,12000,48000,0.1,43200.0
1098,2023-07-07,105,5,Ujjain,Voltage Regulator,Protection,12000,60000,0.05,57000.0
1107,2023-01-09,105,6,Dewas,Voltage Regulator,Protection,12000,72000,0.0,72000.0
1110,2023-05-16,105,4,Bhopal,Voltage Regulator,Protection,12000,48000,0.0,48000.0
1113,2023-03-22,105,3,Indore,Voltage Regulator,Protection,12000,36000,0.05,34200.0
1114,2024-01-27,105,8,Indore,Voltage Regulator,Protection,12000,96000,0.0,96000.0
1115,2023-06-12,105,4,Indore,Voltage Regulator,Protection,12000,48000,0.1,43200.0
1121,2023-01-28,105,7,Dewas,Voltage Regulator,Protection,12000,84000,0.1,75600.0
1126,2023-02-02,105,8,Pithampur,Voltage Regulator,Protection,12000,96000,0.05,91200.0
1133,2023-12-26,105,1,Indore,Voltage Regulator,Protection,12000,12000,0.0,12000.0
1140,2023-01-05,105,9,Indore,Voltage Regulator,Protection,12000,108000,0.0,108000.0
1145,2023-10-10,105,8,Ujjain,Voltage Regulator,Protection,12000,96000,0.1,86400.0
1148,2023-01-15,105,4,Pithampur,Voltage Regulator,Protection,12000,48000,0.05,45600.0
1149,2023-12-12,105,2,Dewas,Voltage Regulator,Protection,12000,24000,0.0,24000.0
1155,2023-08-19,105,2,Dewas,Voltage Regulator,Protection,12000,24000,0.05,22800.0
1159,2024-01-23,105,7,Indore,Voltage Regulator,Protection,12000,84000,0.0,84000.0
1161,2023-08-19,105,5,Ujjain,Voltage Regulator,Protection,12000,60000,0.1,54000.0
1163,2023-05-23,105,3,Pithampur,Voltage Regulator,Protection,12000,36000,0.1,32400.0
1164,2023-06-20,105,2,Pithampur,Voltage Regulator,Protection,12000,24000,0.05,22800.0
1165,2023-01-29,105,1,Indore,Voltage Regulator,Protection,12000,12000,0.1,10800.0
1168,2023-06-09,105,1,Ujjain,Voltage Regulator,Protection,12000,12000,0.0,12000.0
1178,2023-05-14,105,7,Dewas,Voltage Regulator,Protection,12000,84000,0.1,75600.0
1186,2023-05-08,105,7,Bhopal,Voltage Regulator,Protection,12000,84000,0.05,79800.0
1196,2023-08-21,105,4,Bhopal,Voltage Regulator,Protection,12000,48000,0.05,45600.0
1197,2023-09-16,105,3,Pithampur,Voltage Regulator,Protection,12000,36000,0.05,34200.0
1204,2023-11-03,105,4,Indore,Voltage Regulator,Protection,12000,48000,0.0,48000.0
1208,2023-11-11,105,5,Ujjain,Voltage Regulator,Protection,12000,60000,0.0,60000.0
1209,2024-01-09,105,8,Indore,Voltage Regulator,Protection,12000,96000,0.0,96000.0
1215,2023-11-14,105,3,Dewas,Voltage Regulator,Protection,12000,36000,0.0,36000.0
1217,2023-09-25,105,6,Dewas,Voltage Regulator,Protection,12000,72000,0.0,72000.0
1222,2023-04-11,105,1,Bhopal,Voltage Regulator,Protection,12000,12000,0.1,10800.0
1243,2023-11-20,105,5,Pithampur,Voltage Regulator,Protection,12000,60000,0.0,60000.0
1246,2023-05-03,105,8,Bhopal,Voltage Regulator,Protection,12000,96000,0.0,96000.0
1251,2024-01-07,105,6,Ujjain,Voltage Regulator,Protection,12000,72000,0.1,64800.0
1259,2023-05-04,105,4,Dewas,Voltage Regulator,Protection,12000,48000,0.0,48000.0
1262,2023-12-15,105,1,Ujjain,Voltage Regulator,Protection,12000,12000,0.05,11400.0
1266,2023-12-12,105,9,Indore,Voltage Regulator,Protection,12000,108000,0.0,108000.0
1268,2023-05-28,105,2,Indore,Voltage Regulator,Protection,12000,24000,0.0,24000.0
1269,2023-12-18,105,9,Bhopal,Voltage Regulator,Protection,12000,108000,0.05,102600.0
1282,2023-09-09,105,5,Dewas,Voltage Regulator,Protection,12000,60000,0.05,57000.0
1292,2023-05-20,105,4,Pithampur,Voltage Regulator,Protection,12000,48000,0.05,45600.0
1297,2023-04-09,105,2,Indore,Voltage Regulator,Protection,12000,24000,0.05,22800.0
1299,2023-10-31,105,2,Ujjain,Voltage Regulator,Protection,12000,24000,0.0,24000.0
1309,2023-04-14,105,6,Ujjain,Voltage Regulator,Protection,12000,72000,0.05,68400.0
1310,2023-12-06,105,4,Bhopal,Voltage Regulator,Protection,12000,48000,0.05,45600.0
1314,2023-04-09,105,6,Bhopal,Voltage Regulator,Protection,12000,72000,0.1,64800.0
1316,2023-12-15,105,5,Ujjain,Voltage Regulator,Protection,12000,60000,0.05,57000.0
1319,2023-12-04,105,5,Indore,Voltage Regulator,Protection,12000,60000,0.05,57000.0
1324,2023-06-18,105,4,Bhopal,Voltage Regulator,Protection,12000,48000,0.1,43200.0
1332,2024-01-27,105,3,Indore,Voltage Regulator,Protection,12000,36000,0.1,32400.0
1333,2023-05-15,105,2,Ujjain,Voltage Regulator,Protection,12000,24000,0.0,24000.0
1336,2023-02-02,105,2,Pithampur,Voltage Regulator,Protection,12000,24000,0.1,21600.0
1351,2023-10-04,105,8,Bhopal,Voltage Regulator,Protection,12000,96000,0.0,96000.0
1358,2023-05-27,105,6,Bhopal,Voltage Regulator,Protection,12000,72000,0.1,64800.0
1359,2023-01-04,105,7,Bhopal,Voltage Regulator,Protection,12000,84000,0.1,75600.0
1361,2023-07-11,105,5,Pithampur,Voltage Regulator,Protection,12000,60000,0.0,60000.0
1364,2023-06-21,105,7,Bhopal,Voltage Regulator,Protection,12000,84000,0.1,75600.0
1370,2023-04-09,105,7,Ujjain,Voltage Regulator,Protection,12000,84000,0.0,84000.0
1374,2023-10-07,105,6,Indore,Voltage Regulator,Protection,12000,72000,0.1,64800.0
1376,2023-10-29,105,7,Ujjain,Voltage Regulator,Protection,12000,84000,0.05,79800.0
1382,2023-07-10,105,2,Indore,Voltage Regulator,Protection,12000,24000,0.1,21600.0
1384,2023-06-10,105,5,Bhopal,Voltage Regulator,Protection,12000,60000,0.0,60000.0
1386,2023-11-19,105,5,Pithampur,Voltage Regulator,Protection,12000,60000,0.1,54000.0
1389,2023-10-08,105,3,Bhopal,Voltage Regulator,Protection,12000,36000,0.0,36000.0
1397,2023-04-24,105,4,Bhopal,Voltage Regulator,Protection,12000,48000,0.0,48000.0
1401,2023-05-07,105,9,Bhopal,Voltage Regulator,Protection,12000,108000,0.05,102600.0
1402,2023-06-04,105,4,Dewas,Voltage Regulator,Protection,12000,48000,0.05,45600.0
1410,2023-02-08,105,9,Bhopal,Voltage Regulator,Protection,12000,108000,0.0,108000.0
1421,2023-06-22,105,8,Indore,Voltage Regulator,Protection,12000,96000,0.1,86400.0
1427,2024-01-06,105,5,Bhopal,Voltage Regulator,Protection,12000,60000,0.0,60000.0
1433,2023-08-03,105,9,Ujjain,Voltage Regulator,Protection,12000,108000,0.0,108000.0
1440,2023-05-05,105,1,Bhopal,Voltage Regulator,Protection,12000,12000,0.1,10800.0
1447,2023-06-19,105,3,Bhopal,Voltage Regulator,Protection,12000,36000,0.1,32400.0
1452,2023-09-21,105,5,Ujjain,Voltage Regulator,Protection,12000,60000,0.1,54000.0
1459,2023-09-19,105,9,Indore,Voltage Regulator,Protection,12000,108000,0.1,97200.0
1461,2024-01-07,105,2,Pithampur,Voltage Regulator,Protection,12000,24000,0.0,24000.0
1469,2024-01-05,105,9,Pithampur,Voltage Regulator,Protection,12000,108000,0.0,108000.0
1474,2023-05-25,105,8,Pithampur,Voltage Regulator,Protection,12000,96000,0.05,91200.0
1476,2023-11-15,105,6,Pithampur,Voltage Regulator,Protection,12000,72000,0.0,72000.0
1481,2023-08-17,105,2,Ujjain,Voltage Regulator,Protection,12000,24000,0.1,21600.0
1492,2023-08-27,105,3,Bhopal,Voltage Regulator,Protection,12000,36000,0.05,34200.0
1495,2023-05-06,105,5,Bhopal,Voltage Regulator,Protection,12000,60000,0.1,54000.0
1501,2024-01-20,105,2,Pithampur,Voltage Regulator,Protection,12000,24000,0.0,24000.0
1503,2023-07-08,105,5,Pithampur,Voltage Regulator,Protection,12000,60000,0.05,57000.0
1506,2023-10-05,105,7,Dewas,Voltage Regulator,Protection,12000,84000,0.1,75600.0
1514,2023-10-12,105,5,Ujjain,Voltage Regulator,Protection,12000,60000,0.05,57000.0
1515,2023-08-08,105,4,Bhopal,Voltage Regulator,Protection,12000,48000,0.05,45600.0
1520,2023-07-23,105,6,Pithampur,Voltage Regulator,Protection,12000,72000,0.0,72000.0
1522,2023-08-06,105,1,Dewas,Voltage Regulator,Protection,12000,12000,0.1,10800.0
1523,2023-12-07,105,8,Indore,Voltage Regulator,Protection,12000,96000,0.05,91200.0
1531,2023-09-07,105,8,Pithampur,Voltage Regulator,Protection,12000,96000,0.05,91200.0
1535,2023-04-10,105,3,Indore,Voltage Regulator,Protection,12000,36000,0.1,32400.0
1539,2024-01-29,105,3,Pithampur,Voltage Regulator,Protection,12000,36000,0.05,34200.0
1542,2023-04-06,105,5,Dewas,Voltage Regulator,Protection,12000,60000,0.05,57000.0
1550,2023-09-15,105,6,Indore,Voltage Regulator,Protection,12000,72000,0.05,68400.0
1551,2024-01-19,105,1,Indore,Voltage Regulator,Protection,12000,12000,0.1,10800.0
1552,2023-06-09,105,9,Bhopal,Voltage Regulator,Protection,12000,108000,0.1,97200.0
1556,2023-06-27,105,4,Dewas,Voltage Regulator,Protection,12000,48000,0.1,43200.0
1563,2023-11-19,105,4,Dewas,Voltage Regulator,Protection,12000,48000,0.1,43200.0
1564,2023-03-06,105,4,Indore,Voltage Regulator,Protection,12000,48000,0.0,48000.0
1566,2023-11-26,105,8,Ujjain,Voltage Regulator,Protection,12000,96000,0.05,91200.0
1576,2023-08-30,105,6,Ujjain,Voltage Regulator,Protection,12000,72000,0.1,64800.0
1577,2023-02-04,105,4,Pithampur,Voltage Regulator,Protection,12000,48000,0.05,45600.0
1584,2023-04-25,105,3,Pithampur,Voltage Regulator,Protection,12000,36000,0.05,34200.0
1593,2023-10-04,105,2,Bhopal,Voltage Regulator,Protection,12000,24000,0.0,24000.0
1594,2023-09-06,105,3,Indore,Voltage Regulator,Protection,12000,36000,0.1,32400.0
1598,2023-07-11,105,6,Dewas,Voltage Regulator,Protection,12000,72000,0.1,64800.0
1605,2023-05-31,105,7,Pithampur,Voltage Regulator,Protection,12000,84000,0.05,79800.0
1614,2023-08-05,105,1,Bhopal,Voltage Regulator,Protection,12000,12000,0.1,10800.0
1620,2023-03-03,105,7,Pithampur,Voltage Regulator,Protection,12000,84000,0.05,79800.0
1623,2023-08-05,105,9,Indore,Voltage Regulator,Protection,12000,108000,0.05,102600.0
1625,2024-02-01,105,2,Dewas,Voltage Regulator,Protection,12000,24000,0.0,24000.0
1627,2023-01-19,105,1,Ujjain,Voltage Regulator,Protection,12000,12000,0.0,12000.0
1628,2023-06-26,105,6,Bhopal,Voltage Regulator,Protection,12000,72000,0.0,72000.0
1631,2023-08-21,105,3,Bhopal,Voltage Regulator,Protection,12000,36000,0.05,34200.0
1632,2023-03-17,105,5,Bhopal,Voltage Regulator,Protection,12000,60000,0.1,54000.0
1638,2023-02-21,105,4,Dewas,Voltage Regulator,Protection,12000,48000,0.0,48000.0
1639,2023-12-05,105,1,Pithampur,Voltage Regulator,Protection,12000,12000,0.1,10800.0
1647,2024-01-14,105,2,Pithampur,Voltage Regulator,Protection,12000,24000,0.0,24000.0
1649,2023-05-31,105,1,Pithampur,Voltage Regulator,Protection,12000,12000,0.0,12000.0
1651,2023-02-26,105,9,Pithampur,Voltage Regulator,Protection,12000,108000,0.05,102600.0
1656,2023-07-05,105,9,Dewas,Voltage Regulator,Protection,12000,108000,0.0,108000.0
1658,2023-08-11,105,8,Indore,Voltage Regulator,Protection,12000,96000,0.0,96000.0
1665,2023-11-27,105,3,Dewas,Voltage Regulator,Protection,12000,36000,0.05,34200.0
1669,2023-01-09,105,9,Bhopal,Voltage Regulator,Protection,12000,108000,0.1,97200.0
1670,2023-03-15,105,6,Indore,Voltage Regulator,Protection,12000,72000,0.0,72000.0
1673,2023-01-07,105,8,Ujjain,Voltage Regulator,Protection,12000,96000,0.05,91200.0
1680,2023-05-02,105,1,Dewas,Voltage Regulator,Protection,12000,12000,0.0,12000.0
1688,2023-11-17,105,5,Ujjain,Voltage Regulator,Protection,12000,60000,0.05,57000.0
1689,2023-12-08,105,8,Bhopal,Voltage Regulator,Protection,12000,96000,0.1,86400.0
1705,2023-01-19,105,9,Dewas,Voltage Regulator,Protection,12000,108000,0.1,97200.0
1711,2023-08-08,105,7,Indore,Voltage Regulator,Protection,12000,84000,0.05,79800.0
1713,2023-02-27,105,7,Bhopal,Voltage Regulator,Protection,12000,84000,0.05,79800.0
1722,2023-07-10,105,1,Ujjain,Voltage Regulator,Protection,12000,12000,0.05,11400.0
1726,2023-05-14,105,2,Dewas,Voltage Regulator,Protection,12000,24000,0.1,21600.0
1728,2023-02-13,105,5,Indore,Voltage Regulator,Protection,12000,60000,0.0,60000.0
1729,2023-06-22,105,5,Bhopal,Voltage Regulator,Protection,12000,60000,0.1,54000.0
1740,2023-08-17,105,6,Indore,Voltage Regulator,Protection,12000,72000,0.05,68400.0
1741,2023-06-13,105,3,Bhopal,Voltage Regulator,Protection,12000,36000,0.05,34200.0
1742,2023-08-15,105,3,Bhopal,Voltage Regulator,Protection,12000,36000,0.1,32400.0
1747,2023-11-01,105,4,Dewas,Voltage Regulator,Protection,12000,48000,0.05,45600.0
1754,2023-09-16,105,4,Indore,Voltage Regulator,Protection,12000,48000,0.1,43200.0
1765,2023-12-14,105,3,Pithampur,Voltage Regulator,Protection,12000,36000,0.05,34200.0
1766,2023-06-13,105,6,Bhopal,Voltage Regulator,Protection,12000,72000,0.0,72000.0
1771,2023-06-27,105,2,Bhopal,Voltage Regulator,Protection,12000,24000,0.0,24000.0
1773,2023-08-08,105,5,Ujjain,Voltage Regulator,Protection,12000,60000,0.05,57000.0
1786,2023-09-10,105,2,Pithampur,Voltage Regulator,Protection,12000,24000,0.1,21600.0
1787,2024-01-25,105,4,Bhopal,Voltage Regulator,Protection,12000,48000,0.0,48000.0
1790,2023-09-13,105,7,Indore,Voltage Regulator,Protection,12000,84000,0.1,75600.0
1792,2023-10-30,105,3,Dewas,Voltage Regulator,Protection,12000,36000,0.05,34200.0
1796,2023-08-30,105,1,Ujjain,Voltage Regulator,Protection,12000,12000,0.1,10800.0
1818,2023-04-15,105,3,Pithampur,Voltage Regulator,Protection,12000,36000,0.0,36000.0
1820,2024-01-20,105,4,Dewas,Voltage Regulator,Protection,12000,48000,0.1,43200.0
1832,2023-03-24,105,9,Indore,Voltage Regulator,Protection,12000,108000,0.1,97200.0
1857,2023-02-23,105,4,Ujjain,Voltage Regulator,Protection,12000,48000,0.05,45600.0
1859,2024-01-24,105,2,Indore,Voltage Regulator,Protection,12000,24000,0.05,22800.0
1864,2023-09-12,105,6,Indore,Voltage Regulator,Protection,12000,72000,0.05,68400.0
1865,2023-10-30,105,9,Bhopal,Voltage Regulator,Protection,12000,108000,0.0,108000.0
1866,2023-07-26,105,4,Dewas,Voltage Regulator,Protection,12000,48000,0.0,48000.0
1872,2023-04-13,105,4,Bhopal,Voltage Regulator,Protection,12000,48000,0.05,45600.0
1880,2023-10-13,105,4,Ujjain,Voltage Regulator,Protection,12000,48000,0.05,45600.0
1881,2023-12-01,105,4,Dewas,Voltage Regulator,Protection,12000,48000,0.0,48000.0
1885,2023-06-15,105,3,Ujjain,Voltage Regulator,Protection,12000,36000,0.0,36000.0
1887,2023-01-30,105,3,Indore,Voltage Regulator,Protection,12000,36000,0.0,36000.0
1889,2023-04-16,105,6,Bhopal,Voltage Regulator,Protection,12000,72000,0.0,72000.0
1901,2023-02-03,105,9,Ujjain,Voltage Regulator,Protection,12000,108000,0.05,102600.0
1911,2023-09-06,105,3,Indore,Voltage Regulator,Protection,12000,36000,0.0,36000.0
1914,2023-12-02,105,7,Ujjain,Voltage Regulator,Protection,12000,84000,0.05,79800.0
1916,2024-01-09,105,7,Dewas,Voltage Regulator,Protection,12000,84000,0.1,75600.0
1924,2023-07-14,105,8,Pithampur,Voltage Regulator,Protection,12000,96000,0.1,86400.0
1925,2023-12-18,105,1,Bhopal,Voltage Regulator,Protection,12000,12000,0.0,12000.0
1926,2023-07-14,105,9,Dewas,Voltage Regulator,Protection,12000,108000,0.1,97200.0
1929,2023-06-09,105,4,Dewas,Voltage Regulator,Protection,12000,48000,0.1,43200.0
1940,2023-01-01,105,6,Dewas,Voltage Regulator,Protection,12000,72000,0.1,64800.0
1941,2023-05-13,105,9,Ujjain,Voltage Regulator,Protection,12000,108000,0.0,108000.0
1945,2023-02-15,105,3,Indore,Voltage Regulator,Protection,12000,36000,0.0,36000.0
1950,2023-03-14,105,4,Dewas,Voltage Regulator,Protection,12000,48000,0.1,43200.0
1955,2023-08-02,105,9,Ujjain,Voltage Regulator,Protection,12000,108000,0.05,102600.0
1965,2023-10-19,105,8,Ujjain,Voltage Regulator,Protection,12000,96000,0.1,86400.0
1966,2023-09-14,105,6,Bhopal,Voltage Regulator,Protection,12000,72000,0.0,72000.0
1968,2023-04-23,105,3,Indore,Voltage Regulator,Protection,12000,36000,0.0,36000.0
1975,2023-02-25,105,4,Bhopal,Voltage Regulator,Protection,12000,48000,0.0,48000.0
1980,2023-08-04,105,7,Bhopal,Voltage Regulator,Protection,12000,84000,0.1,75600.0
1983,2023-06-03,105,3,Indore,Voltage Regulator,Protection,12000,36000,0.05,34200.0
1986,2023-11-08,105,8,Indore,Voltage Regulator,Protection,12000,96000,0.0,96000.0
1987,2024-01-06,105,2,Pithampur,Voltage Regulator,Protection,12000,24000,0.0,24000.0
1989,2023-01-03,105,9,Dewas,Voltage Regulator,Protection,12000,108000,0.1,97200.0
1996,2023-08-15,105,9,Bhopal,Voltage Regulator,Protection,12000,108000,0.05,102600.0
1002,2023-12-15,104,2,Pithampur,Control Panel,Control,25000,50000,0.1,45000.0
1007,2023-01-21,104,7,Ujjain,Control Panel,Control,25000,175000,0.0,175000.0
1011,2023-11-27,104,4,Ujjain,Control Panel,Control,25000,100000,0.05,95000.0
1013,2024-01-08,104,7,Indore,Control Panel,Control,25000,175000,0.05,166250.0
1019,2023-11-05,104,8,Pithampur,Control Panel,Control,25000,200000,0.0,200000.0
1022,2023-10-21,104,6,Bhopal,Control Panel,Control,25000,150000,0.05,142500.0
1027,2023-11-10,104,2,Dewas,Control Panel,Control,25000,50000,0.05,47500.0
1038,2023-06-24,104,3,Ujjain,Control Panel,Control,25000,75000,0.1,67500.0
1044,2023-05-11,104,6,Indore,Control Panel,Control,25000,150000,0.0,150000.0
1046,2023-05-15,104,1,Dewas,Control Panel,Control,25000,25000,0.0,25000.0
1047,2023-01-21,104,9,Pithampur,Control Panel,Control,25000,225000,0.0,225000.0
1049,2023-06-16,104,9,Ujjain,Control Panel,Control,25000,225000,0.0,225000.0
1058,2023-02-22,104,6,Ujjain,Control Panel,Control,25000,150000,0.0,150000.0
1061,2023-04-02,104,9,Ujjain,Control Panel,Control,25000,225000,0.05,213750.0
1063,2023-09-21,104,3,Pithampur,Control Panel,Control,25000,75000,0.1,67500.0
1065,2023-07-25,104,8,Bhopal,Control Panel,Control,25000,200000,0.0,200000.0
1067,2023-02-19,104,7,Pithampur,Control Panel,Control,25000,175000,0.1,157500.0
1072,2023-02-23,104,5,Dewas,Control Panel,Control,25000,125000,0.1,112500.0
1081,2023-09-27,104,8,Bhopal,Control Panel,Control,25000,200000,0.05,190000.0
1085,2023-08-03,104,5,Bhopal,Control Panel,Control,25000,125000,0.0,125000.0
1095,2023-10-07,104,7,Dewas,Control Panel,Control,25000,175000,0.05,166250.0
1096,2023-08-05,104,6,Pithampur,Control Panel,Control,25000,150000,0.0,150000.0
1102,2023-01-15,104,9,Bhopal,Control Panel,Control,25000,225000,0.05,213750.0
1106,2023-11-23,104,5,Dewas,Control Panel,Control,25000,125000,0.1,112500.0
1111,2023-03-04,104,5,Ujjain,Control Panel,Control,25000,125000,0.0,125000.0
1119,2023-08-19,104,4,Bhopal,Control Panel,Control,25000,100000,0.1,90000.0
1139,2023-09-14,104,6,Pithampur,Control Panel,Control,25000,150000,0.1,135000.0
1142,2023-09-12,104,8,Pithampur,Control Panel,Control,25000,200000,0.05,190000.0
1144,2023-12-25,104,8,Pithampur,Control Panel,Control,25000,200000,0.0,200000.0
1152,2023-06-28,104,4,Pithampur,Control Panel,Control,25000,100000,0.1,90000.0
1160,2023-08-10,104,2,Indore,Control Panel,Control,25000,50000,0.05,47500.0
1162,2023-08-25,104,1,Bhopal,Control Panel,Control,25000,25000,0.0,25000.0
1166,2023-02-05,104,7,Pithampur,Control Panel,Control,25000,175000,0.0,175000.0
1167,2023-01-13,104,5,Indore,Control Panel,Control,25000,125000,0.1,112500.0
1173,2023-10-11,104,9,Dewas,Control Panel,Control,25000,225000,0.0,225000.0
1174,2023-03-07,104,9,Ujjain,Control Panel,Control,25000,225000,0.1,202500.0
1179,2023-10-11,104,5,Dewas,Control Panel,Control,25000,125000,0.0,125000.0
1184,2023-10-13,104,9,Ujjain,Control Panel,Control,25000,225000,0.05,213750.0
1190,2023-08-13,104,6,Ujjain,Control Panel,Control,25000,150000,0.1,135000.0
1192,2024-01-12,104,4,Pithampur,Control Panel,Control,25000,100000,0.1,90000.0
1193,2023-10-10,104,8,Ujjain,Control Panel,Control,25000,200000,0.0,200000.0
1194,2023-05-01,104,5,Dewas,Control Panel,Control,25000,125000,0.0,125000.0
1195,2023-04-26,104,1,Pithampur,Control Panel,Control,25000,25000,0.1,22500.0
1200,2023-05-17,104,1,Ujjain,Control Panel,Control,25000,25000,0.0,25000.0
1211,2023-04-06,104,8,Ujjain,Control Panel,Control,25000,200000,0.05,190000.0
1220,2024-01-22,104,2,Ujjain,Control Panel,Control,25000,50000,0.0,50000.0
1226,2023-04-23,104,4,Ujjain,Control Panel,Control,25000,100000,0.05,95000.0
1238,2023-06-21,104,3,Pithampur,Control Panel,Control,25000,75000,0.05,71250.0
1242,2023-09-04,104,6,Dewas,Control Panel,Control,25000,150000,0.05,142500.0
1249,2023-10-07,104,5,Ujjain,Control Panel,Control,25000,125000,0.05,118750.0
1254,2024-01-30,104,8,Pithampur,Control Panel,Control,25000,200000,0.05,190000.0
1257,2023-04-07,104,5,Ujjain,Control Panel,Control,25000,125000,0.0,125000.0
1258,2023-07-20,104,6,Bhopal,Control Panel,Control,25000,150000,0.05,142500.0
1276,2023-05-09,104,2,Pithampur,Control Panel,Control,25000,50000,0.0,50000.0
1280,2023-04-09,104,6,Dewas,Control Panel,Control,25000,150000,0.05,142500.0
1288,2023-01-02,104,8,Dewas,Control Panel,Control,25000,200000,0.1,180000.0
1290,2023-10-31,104,3,Dewas,Control Panel,Control,25000,75000,0.05,71250.0
1303,2023-02-23,104,2,Indore,Control Panel,Control,25000,50000,0.1,45000.0
1307,2023-03-16,104,4,Ujjain,Control Panel,Control,25000,100000,0.05,95000.0
1308,2023-04-23,104,1,Ujjain,Control Panel,Control,25000,25000,0.05,23750.0
1318,2024-01-01,104,8,Bhopal,Control Panel,Control,25000,200000,0.05,190000.0
1320,2023-07-13,104,2,Dewas,Control Panel,Control,25000,50000,0.1,45000.0
1325,2023-06-10,104,2,Bhopal,Control Panel,Control,25000,50000,0.1,45000.0
1330,2023-10-31,104,3,Indore,Control Panel,Control,25000,75000,0.05,71250.0
1331,2024-01-19,104,5,Ujjain,Control Panel,Control,25000,125000,0.0,125000.0
1337,2023-06-25,104,8,Indore,Control Panel,Control,25000,200000,0.05,190000.0
1339,2024-01-10,104,7,Pithampur,Control Panel,Control,25000,175000,0.1,157500.0
1341,2023-08-26,104,9,Bhopal,Control Panel,Control,25000,225000,0.05,213750.0
1355,2024-01-02,104,4,Dewas,Control Panel,Control,25000,100000,0.1,90000.0
1366,2023-06-07,104,7,Pithampur,Control Panel,Control,25000,175000,0.1,157500.0
1373,2023-02-06,104,6,Indore,Control Panel,Control,25000,150000,0.1,135000.0
1381,2023-04-26,104,5,Indore,Control Panel,Control,25000,125000,0.05,118750.0
1390,2023-08-11,104,1,Bhopal,Control Panel,Control,25000,25000,0.1,22500.0
1393,2023-11-19,104,7,Ujjain,Control Panel,Control,25000,175000,0.1,157500.0
1398,2023-10-15,104,2,Pithampur,Control Panel,Control,25000,50000,0.05,47500.0
1405,2023-04-14,104,1,Indore,Control Panel,Control,25000,25000,0.1,22500.0
1413,2023-01-26,104,1,Bhopal,Control Panel,Control,25000,25000,0.05,23750.0
1414,2023-12-21,104,2,Indore,Control Panel,Control,25000,50000,0.1,45000.0
1417,2023-11-12,104,7,Indore,Control Panel,Control,25000,175000,0.0,175000.0
1441,2023-05-30,104,5,Bhopal,Control Panel,Control,25000,125000,0.0,125000.0
1442,2023-11-10,104,4,Ujjain,Control Panel,Control,25000,100000,0.1,90000.0
1445,2023-11-01,104,4,Dewas,Control Panel,Control,25000,100000,0.0,100000.0
1448,2023-11-22,104,7,Ujjain,Control Panel,Control,25000,175000,0.05,166250.0
1457,2023-04-13,104,8,Pithampur,Control Panel,Control,25000,200000,0.0,200000.0
1465,2023-11-07,104,4,Ujjain,Control Panel,Control,25000,100000,0.1,90000.0
1483,2023-11-14,104,9,Bhopal,Control Panel,Control,25000,225000,0.1,202500.0
1490,2023-05-02,104,4,Ujjain,Control Panel,Control,25000,100000,0.05,95000.0
1491,2023-01-01,104,5,Ujjain,Control Panel,Control,25000,125000,0.1,112500.0
1498,2023-03-30,104,7,Pithampur,Control Panel,Control,25000,175000,0.05,166250.0
1500,2024-01-08,104,9,Ujjain,Control Panel,Control,25000,225000,0.0,225000.0
1508,2023-09-04,104,6,Ujjain,Control Panel,Control,25000,150000,0.0,150000.0
1519,2023-08-26,104,8,Indore,Control Panel,Control,25000,200000,0.05,190000.0
1524,2023-02-08,104,3,Dewas,Control Panel,Control,25000,75000,0.05,71250.0
1526,2023-10-16,104,3,Pithampur,Control Panel,Control,25000,75000,0.1,67500.0
1530,2023-01-23,104,5,Indore,Control Panel,Control,25000,125000,0.0,125000.0
1537,2023-06-29,104,4,Pithampur,Control Panel,Control,25000,100000,0.05,95000.0
1546,2023-01-16,104,9,Indore,Control Panel,Control,25000,225000,0.0,225000.0
1547,2023-10-07,104,4,Bhopal,Control Panel,Control,25000,100000,0.05,95000.0
1554,2023-06-01,104,5,Indore,Control Panel,Control,25000,125000,0.0,125000.0
1559,2023-02-02,104,6,Ujjain,Control Panel,Control,25000,150000,0.1,135000.0
1560,2023-06-28,104,8,Pithampur,Control Panel,Control,25000,200000,0.0,200000.0
1562,2023-09-25,104,5,Indore,Control Panel,Control,25000,125000,0.0,125000.0
1581,2023-09-21,104,7,Bhopal,Control Panel,Control,25000,175000,0.0,175000.0
1597,2023-12-23,104,3,Bhopal,Control Panel,Control,25000,75000,0.0,75000.0
1604,2023-06-01,104,4,Pithampur,Control Panel,Control,25000,100000,0.0,100000.0
1610,2024-01-04,104,4,Pithampur,Control Panel,Control,25000,100000,0.1,90000.0
1618,2023-09-30,104,4,Ujjain,Control Panel,Control,25000,100000,0.05,95000.0
1624,2023-12-08,104,4,Bhopal,Control Panel,Control,25000,100000,0.0,100000.0
1626,2023-07-06,104,3,Bhopal,Control Panel,Control,25000,75000,0.1,67500.0
1642,2024-01-08,104,4,Dewas,Control Panel,Control,25000,100000,0.0,100000.0
1653,2023-04-19,104,6,Bhopal,Control Panel,Control,25000,150000,0.0,150000.0
1655,2023-02-11,104,6,Pithampur,Control Panel,Control,25000,150000,0.05,142500.0
1667,2023-08-27,104,8,Dewas,Control Panel,Control,25000,200000,0.0,200000.0
1671,2023-09-10,104,9,Dewas,Control Panel,Control,25000,225000,0.1,202500.0
1679,2023-10-10,104,2,Indore,Control Panel,Control,25000,50000,0.1,45000.0
1686,2023-05-16,104,8,Pithampur,Control Panel,Control,25000,200000,0.05,190000.0
1687,2023-12-31,104,7,Indore,Control Panel,Control,25000,175000,0.0,175000.0
1690,2023-05-25,104,9,Pithampur,Control Panel,Control,25000,225000,0.1,202500.0
1691,2023-11-23,104,5,Ujjain,Control Panel,Control,25000,125000,0.0,125000.0
1692,2023-08-05,104,5,Pithampur,Control Panel,Control,25000,125000,0.0,125000.0
1694,2023-05-12,104,5,Bhopal,Control Panel,Control,25000,125000,0.0,125000.0
1697,2023-09-09,104,5,Bhopal,Control Panel,Control,25000,125000,0.05,118750.0
1706,2023-02-08,104,1,Pithampur,Control Panel,Control,25000,25000,0.0,25000.0
1707,2023-05-06,104,2,Ujjain,Control Panel,Control,25000,50000,0.1,45000.0
1710,2023-08-30,104,9,Pithampur,Control Panel,Control,25000,225000,0.0,225000.0
1712,2023-05-06,104,6,Dewas,Control Panel,Control,25000,150000,0.1,135000.0
1723,2024-01-04,104,2,Dewas,Control Panel,Control,25000,50000,0.0,50000.0
1731,2023-06-22,104,6,Pithampur,Control Panel,Control,25000,150000,0.1,135000.0
1733,2023-10-30,104,2,Pithampur,Control Panel,Control,25000,50000,0.1,45000.0
1738,2023-07-22,104,8,Indore,Control Panel,Control,25000,200000,0.0,200000.0
1739,2023-09-09,104,8,Bhopal,Control Panel,Control,25000,200000,0.0,200000.0
1744,2023-01-20,104,7,Pithampur,Control Panel,Control,25000,175000,0.1,157500.0
1752,2023-02-23,104,5,Bhopal,Control Panel,Control,25000,125000,0.05,118750.0
1758,2023-08-12,104,2,Ujjain,Control Panel,Control,25000,50000,0.0,50000.0
1760,2023-12-24,104,8,Ujjain,Control Panel,Control,25000,200000,0.05,190000.0
1762,2024-01-08,104,8,Dewas,Control Panel,Control,25000,200000,0.0,200000.0
1769,2023-07-05,104,7,Ujjain,Control Panel,Control,25000,175000,0.0,175000.0
1772,2023-01-28,104,3,Ujjain,Control Panel,Control,25000,75000,0.0,75000.0
1774,2023-12-23,104,3,Pithampur,Control Panel,Control,25000,75000,0.0,75000.0
1777,2023-07-11,104,8,Bhopal,Control Panel,Control,25000,200000,0.05,190000.0
1780,2023-07-31,104,5,Ujjain,Control Panel,Control,25000,125000,0.0,125000.0
1781,2023-08-08,104,5,Indore,Control Panel,Control,25000,125000,0.1,112500.0
1782,2023-08-28,104,8,Dewas,Control Panel,Control,25000,200000,0.1,180000.0
1785,2023-02-04,104,8,Dewas,Control Panel,Control,25000,200000,0.05,190000.0
1799,2023-01-05,104,8,Dewas,Control Panel,Control,25000,200000,0.0,200000.0
1805,2023-08-12,104,3,Ujjain,Control Panel,Control,25000,75000,0.1,67500.0
1807,2023-06-26,104,7,Ujjain,Control Panel,Control,25000,175000,0.05,166250.0
1808,2023-09-24,104,1,Indore,Control Panel,Control,25000,25000,0.0,25000.0
1812,2023-08-05,104,2,Pithampur,Control Panel,Control,25000,50000,0.1,45000.0
1821,2023-11-07,104,9,Pithampur,Control Panel,Control,25000,225000,0.1,202500.0
1829,2023-02-22,104,2,Bhopal,Control Panel,Control,25000,50000,0.05,47500.0
1839,2023-06-22,104,3,Ujjain,Control Panel,Control,25000,75000,0.0,75000.0
1841,2023-09-17,104,8,Dewas,Control Panel,Control,25000,200000,0.0,200000.0
1842,2024-01-04,104,1,Bhopal,Control Panel,Control,25000,25000,0.1,22500.0
1845,2023-12-14,104,4,Bhopal,Control Panel,Control,25000,100000,0.1,90000.0
1846,2023-04-05,104,2,Indore,Control Panel,Control,25000,50000,0.1,45000.0
1851,2023-06-11,104,7,Indore,Control Panel,Control,25000,175000,0.0,175000.0
1855,2023-11-02,104,3,Dewas,Control Panel,Control,25000,75000,0.05,71250.0
1856,2023-09-25,104,1,Ujjain,Control Panel,Control,25000,25000,0.05,23750.0
1863,2023-04-22,104,7,Indore,Control Panel,Control,25000,175000,0.0,175000.0
1868,2023-12-07,104,8,Bhopal,Control Panel,Control,25000,200000,0.05,190000.0
1876,2023-10-21,104,3,Indore,Control Panel,Control,25000,75000,0.1,67500.0
1883,2023-11-04,104,7,Indore,Control Panel,Control,25000,175000,0.05,166250.0
1888,2023-09-04,104,1,Dewas,Control Panel,Control,25000,25000,0.05,23750.0
1890,2023-02-20,104,7,Pithampur,Control Panel,Control,25000,175000,0.05,166250.0
1891,2023-03-22,104,2,Pithampur,Control Panel,Control,25000,50000,0.1,45000.0
1892,2023-05-13,104,8,Bhopal,Control Panel,Control,25000,200000,0.0,200000.0
1893,2023-10-12,104,6,Indore,Control Panel,Control,25000,150000,0.1,135000.0
1894,2024-01-23,104,4,Dewas,Control Panel,Control,25000,100000,0.0,100000.0
1899,2023-12-06,104,4,Indore,Control Panel,Control,25000,100000,0.0,100000.0
1903,2023-02-22,104,8,Dewas,Control Panel,Control,25000,200000,0.0,200000.0
1906,2023-08-23,104,6,Indore,Control Panel,Control,25000,150000,0.05,142500.0
1912,2023-05-31,104,9,Ujjain,Control Panel,Control,25000,225000,0.05,213750.0
1920,2023-12-26,104,8,Bhopal,Control Panel,Control,25000,200000,0.0,200000.0
1922,2023-07-03,104,5,Pithampur,Control Panel,Control,25000,125000,0.0,125000.0
1928,2023-04-03,104,8,Ujjain,Control Panel,Control,25000,200000,0.05,190000.0
1931,2023-05-02,104,5,Dewas,Control Panel,Control,25000,125000,0.1,112500.0
1937,2023-11-13,104,8,Indore,Control Panel,Control,25000,200000,0.0,200000.0
1943,2023-01-12,104,7,Pithampur,Control Panel,Control,25000,175000,0.1,157500.0
1944,2023-12-12,104,1,Indore,Control Panel,Control,25000,25000,0.05,23750.0
1952,2023-09-06,104,3,Bhopal,Control Panel,Control,25000,75000,0.0,75000.0
1956,2023-08-27,104,9,Dewas,Control Panel,Control,25000,225000,0.1,202500.0
1958,2023-12-16,104,3,Pithampur,Control Panel,Control,25000,75000,0.1,67500.0
1961,2023-02-17,104,8,Pithampur,Control Panel,Control,25000,200000,0.1,180000.0
1962,2023-03-02,104,1,Dewas,Control Panel,Control,25000,25000,0.05,23750.0
1967,2023-01-08,104,9,Bhopal,Control Panel,Control,25000,225000,0.05,213750.0
1971,2023-06-29,104,8,Ujjain,Control Panel,Control,25000,200000,0.1,180000.0
1972,2023-07-26,104,5,Bhopal,Control Panel,Control,25000,125000,0.1,112500.0
1973,2023-10-30,104,3,Indore,Control Panel,Control,25000,75000,0.05,71250.0
1976,2023-08-02,104,9,Ujjain,Control Panel,Control,25000,225000,0.1,202500.0
1981,2024-01-21,104,4,Bhopal,Control Panel,Control,25000,100000,0.1,90000.0
1993,2023-08-27,104,6,Dewas,Control Panel,Control,25000,150000,0.05,142500.0
1995,2023-10-21,104,6,Pithampur,Control Panel,Control,25000,150000,0.1,135000.0
1003,2023-09-28,102,9,Bhopal,Circuit Breaker,Switchgear,15000,135000,0.1,121500.0
1006,2023-07-08,102,2,Ujjain,Circuit Breaker,Switchgear,15000,30000,0.1,27000.0
1014,2023-04-10,102,8,Ujjain,Circuit Breaker,Switchgear,15000,120000,0.05,114000.0
1018,2023-05-30,102,7,Dewas,Circuit Breaker,Switchgear,15000,105000,0.1,94500.0
1020,2023-09-15,102,6,Pithampur,Circuit Breaker,Switchgear,15000,90000,0.05,85500.0
1024,2023-07-11,102,1,Ujjain,Circuit Breaker,Switchgear,15000,15000,0.05,14250.0
1028,2023-01-22,102,2,Indore,Circuit Breaker,Switchgear,15000,30000,0.0,30000.0
1029,2023-09-10,102,1,Indore,Circuit Breaker,Switchgear,15000,15000,0.0,15000.0
1045,2023-11-03,102,9,Pithampur,Circuit Breaker,Switchgear,15000,135000,0.1,121500.0
1053,2023-11-12,102,2,Indore,Circuit Breaker,Switchgear,15000,30000,0.05,28500.0
1055,2023-08-30,102,4,Bhopal,Circuit Breaker,Switchgear,15000,60000,0.0,60000.0
1060,2023-12-06,102,2,Dewas,Circuit Breaker,Switchgear,15000,30000,0.1,27000.0
1069,2024-01-23,102,5,Pithampur,Circuit Breaker,Switchgear,15000,75000,0.0,75000.0
1077,2023-08-06,102,1,Pithampur,Circuit Breaker,Switchgear,15000,15000,0.0,15000.0
1078,2023-02-13,102,3,Bhopal,Circuit Breaker,Switchgear,15000,45000,0.05,42750.0
1080,2023-07-21,102,3,Indore,Circuit Breaker,Switchgear,15000,45000,0.05,42750.0
1082,2023-12-17,102,2,Ujjain,Circuit Breaker,Switchgear,15000,30000,0.0,30000.0
1084,2023-09-28,102,3,Bhopal,Circuit Breaker,Switchgear,15000,45000,0.0,45000.0
1097,2023-09-09,102,2,Dewas,Circuit Breaker,Switchgear,15000,30000,0.05,28500.0
1101,2023-06-06,102,5,Dewas,Circuit Breaker,Switchgear,15000,75000,0.1,67500.0
1118,2023-09-18,102,1,Dewas,Circuit Breaker,Switchgear,15000,15000,0.05,14250.0
1122,2023-05-15,102,7,Ujjain,Circuit Breaker,Switchgear,15000,105000,0.0,105000.0
1124,2023-11-24,102,8,Ujjain,Circuit Breaker,Switchgear,15000,120000,0.1,108000.0
1132,2023-06-21,102,6,Pithampur,Circuit Breaker,Switchgear,15000,90000,0.0,90000.0
1138,2023-05-11,102,5,Pithampur,Circuit Breaker,Switchgear,15000,75000,0.1,67500.0
1153,2023-03-04,102,7,Bhopal,Circuit Breaker,Switchgear,15000,105000,0.0,105000.0
1154,2023-12-18,102,9,Pithampur,Circuit Breaker,Switchgear,15000,135000,0.1,121500.0
1157,2023-02-21,102,4,Dewas,Circuit Breaker,Switchgear,15000,60000,0.1,54000.0
1169,2023-11-23,102,6,Bhopal,Circuit Breaker,Switchgear,15000,90000,0.0,90000.0
1175,2023-06-19,102,9,Pithampur,Circuit Breaker,Switchgear,15000,135000,0.1,121500.0
1181,2023-04-18,102,3,Dewas,Circuit Breaker,Switchgear,15000,45000,0.05,42750.0
1182,2023-02-13,102,6,Bhopal,Circuit Breaker,Switchgear,15000,90000,0.0,90000.0
1185,2023-11-27,102,1,Ujjain,Circuit Breaker,Switchgear,15000,15000,0.05,14250.0
1187,2023-12-14,102,8,Ujjain,Circuit Breaker,Switchgear,15000,120000,0.0,120000.0
1198,2023-12-25,102,9,Indore,Circuit Breaker,Switchgear,15000,135000,0.1,121500.0
1201,2023-11-14,102,6,Ujjain,Circuit Breaker,Switchgear,15000,90000,0.1,81000.0
1210,2023-06-09,102,6,Indore,Circuit Breaker,Switchgear,15000,90000,0.1,81000.0
1219,2024-01-21,102,7,Bhopal,Circuit Breaker,Switchgear,15000,105000,0.0,105000.0
1223,2023-04-23,102,3,Indore,Circuit Breaker,Switchgear,15000,45000,0.05,42750.0
1228,2023-05-10,102,6,Dewas,Circuit Breaker,Switchgear,15000,90000,0.05,85500.0
1230,2023-02-23,102,5,Dewas,Circuit Breaker,Switchgear,15000,75000,0.0,75000.0
1231,2023-12-09,102,9,Indore,Circuit Breaker,Switchgear,15000,135000,0.0,135000.0
1233,2023-08-13,102,9,Ujjain,Circuit Breaker,Switchgear,15000,135000,0.05,128250.0
1248,2023-10-21,102,9,Ujjain,Circuit Breaker,Switchgear,15000,135000,0.05,128250.0
1250,2023-11-21,102,4,Pithampur,Circuit Breaker,Switchgear,15000,60000,0.05,57000.0
1271,2023-11-04,102,1,Indore,Circuit Breaker,Switchgear,15000,15000,0.05,14250.0
1274,2023-12-04,102,7,Bhopal,Circuit Breaker,Switchgear,15000,105000,0.0,105000.0
1275,2023-12-26,102,4,Pithampur,Circuit Breaker,Switchgear,15000,60000,0.0,60000.0
1278,2023-05-31,102,6,Bhopal,Circuit Breaker,Switchgear,15000,90000,0.1,81000.0
1284,2023-12-12,102,1,Indore,Circuit Breaker,Switchgear,15000,15000,0.05,14250.0
1285,2023-04-22,102,6,Dewas,Circuit Breaker,Switchgear,15000,90000,0.1,81000.0
1287,2024-01-04,102,3,Indore,Circuit Breaker,Switchgear,15000,45000,0.0,45000.0
1291,2023-09-11,102,7,Bhopal,Circuit Breaker,Switchgear,15000,105000,0.0,105000.0
1304,2023-04-30,102,9,Dewas,Circuit Breaker,Switchgear,15000,135000,0.1,121500.0
1311,2023-09-11,102,3,Ujjain,Circuit Breaker,Switchgear,15000,45000,0.05,42750.0
1312,2023-08-15,102,3,Dewas,Circuit Breaker,Switchgear,15000,45000,0.05,42750.0
1321,2023-11-06,102,4,Indore,Circuit Breaker,Switchgear,15000,60000,0.05,57000.0
1322,2023-06-12,102,9,Dewas,Circuit Breaker,Switchgear,15000,135000,0.05,128250.0
1327,2023-10-16,102,2,Dewas,Circuit Breaker,Switchgear,15000,30000,0.1,27000.0
1328,2024-02-02,102,7,Indore,Circuit Breaker,Switchgear,15000,105000,0.1,94500.0
1335,2023-05-08,102,2,Ujjain,Circuit Breaker,Switchgear,15000,30000,0.0,30000.0
1340,2023-01-22,102,3,Dewas,Circuit Breaker,Switchgear,15000,45000,0.05,42750.0
1343,2023-02-07,102,5,Bhopal,Circuit Breaker,Switchgear,15000,75000,0.05,71250.0
1346,2023-02-20,102,7,Dewas,Circuit Breaker,Switchgear,15000,105000,0.05,99750.0
1350,2023-08-14,102,7,Ujjain,Circuit Breaker,Switchgear,15000,105000,0.1,94500.0
1356,2023-11-13,102,4,Bhopal,Circuit Breaker,Switchgear,15000,60000,0.05,57000.0
1357,2023-10-31,102,4,Indore,Circuit Breaker,Switchgear,15000,60000,0.1,54000.0
1360,2023-02-04,102,2,Pithampur,Circuit Breaker,Switchgear,15000,30000,0.05,28500.0
1363,2023-01-17,102,3,Bhopal,Circuit Breaker,Switchgear,15000,45000,0.05,42750.0
1365,2023-08-08,102,6,Ujjain,Circuit Breaker,Switchgear,15000,90000,0.0,90000.0
1368,2024-01-08,102,6,Dewas,Circuit Breaker,Switchgear,15000,90000,0.05,85500.0
1372,2023-08-21,102,5,Indore,Circuit Breaker,Switchgear,15000,75000,0.05,71250.0
1375,2023-12-15,102,5,Ujjain,Circuit Breaker,Switchgear,15000,75000,0.0,75000.0
1380,2023-07-07,102,1,Dewas,Circuit Breaker,Switchgear,15000,15000,0.1,13500.0
1385,2023-09-13,102,2,Bhopal,Circuit Breaker,Switchgear,15000,30000,0.1,27000.0
1388,2023-01-18,102,1,Pithampur,Circuit Breaker,Switchgear,15000,15000,0.05,14250.0
1391,2023-02-23,102,5,Pithampur,Circuit Breaker,Switchgear,15000,75000,0.1,67500.0
1392,2023-02-27,102,4,Pithampur,Circuit Breaker,Switchgear,15000,60000,0.05,57000.0
1400,2023-05-31,102,3,Bhopal,Circuit Breaker,Switchgear,15000,45000,0.0,45000.0
1409,2023-06-25,102,9,Ujjain,Circuit Breaker,Switchgear,15000,135000,0.0,135000.0
1412,2023-09-04,102,2,Indore,Circuit Breaker,Switchgear,15000,30000,0.05,28500.0
1423,2023-11-17,102,1,Dewas,Circuit Breaker,Switchgear,15000,15000,0.0,15000.0
1425,2024-02-04,102,8,Indore,Circuit Breaker,Switchgear,15000,120000,0.0,120000.0
1426,2023-05-22,102,3,Dewas,Circuit Breaker,Switchgear,15000,45000,0.05,42750.0
1435,2023-02-20,102,1,Indore,Circuit Breaker,Switchgear,15000,15000,0.05,14250.0
1439,2023-07-09,102,8,Indore,Circuit Breaker,Switchgear,15000,120000,0.0,120000.0
1444,2023-12-08,102,8,Pithampur,Circuit Breaker,Switchgear,15000,120000,0.1,108000.0
1454,2023-03-01,102,8,Pithampur,Circuit Breaker,Switchgear,15000,120000,0.1,108000.0
1463,2023-02-16,102,3,Dewas,Circuit Breaker,Switchgear,15000,45000,0.05,42750.0
1467,2023-05-24,102,9,Indore,Circuit Breaker,Switchgear,15000,135000,0.05,128250.0
1470,2023-05-04,102,7,Indore,Circuit Breaker,Switchgear,15000,105000,0.1,94500.0
1471,2023-04-16,102,2,Dewas,Circuit Breaker,Switchgear,15000,30000,0.0,30000.0
1473,2023-05-27,102,4,Dewas,Circuit Breaker,Switchgear,15000,60000,0.1,54000.0
1475,2023-04-30,102,2,Indore,Circuit Breaker,Switchgear,15000,30000,0.1,27000.0
1479,2023-02-27,102,1,Bhopal,Circuit Breaker,Switchgear,15000,15000,0.1,13500.0
1482,2023-04-27,102,7,Pithampur,Circuit Breaker,Switchgear,15000,105000,0.1,94500.0
1485,2023-05-07,102,8,Indore,Circuit Breaker,Switchgear,15000,120000,0.05,114000.0
1487,2024-01-31,102,2,Indore,Circuit Breaker,Switchgear,15000,30000,0.05,28500.0
1493,2023-10-17,102,1,Indore,Circuit Breaker,Switchgear,15000,15000,0.0,15000.0
1497,2023-02-17,102,7,Pithampur,Circuit Breaker,Switchgear,15000,105000,0.0,105000.0
1504,2023-07-11,102,8,Ujjain,Circuit Breaker,Switchgear,15000,120000,0.0,120000.0
1507,2023-12-15,102,7,Dewas,Circuit Breaker,Switchgear,15000,105000,0.0,105000.0
1509,2023-03-17,102,6,Indore,Circuit Breaker,Switchgear,15000,90000,0.1,81000.0
1511,2023-05-24,102,6,Bhopal,Circuit Breaker,Switchgear,15000,90000,0.05,85500.0
1512,2023-03-27,102,2,Ujjain,Circuit Breaker,Switchgear,15000,30000,0.05,28500.0
1516,2023-03-10,102,2,Ujjain,Circuit Breaker,Switchgear,15000,30000,0.0,30000.0
1528,2023-08-10,102,7,Ujjain,Circuit Breaker,Switchgear,15000,105000,0.0,105000.0
1536,2023-10-17,102,1,Pithampur,Circuit Breaker,Switchgear,15000,15000,0.1,13500.0
1538,2023-08-11,102,8,Indore,Circuit Breaker,Switchgear,15000,120000,0.1,108000.0
1549,2023-09-04,102,6,Ujjain,Circuit Breaker,Switchgear,15000,90000,0.0,90000.0
1557,2023-06-12,102,3,Ujjain,Circuit Breaker,Switchgear,15000,45000,0.05,42750.0
1567,2023-02-12,102,6,Dewas,Circuit Breaker,Switchgear,15000,90000,0.05,85500.0
1569,2023-10-12,102,5,Dewas,Circuit Breaker,Switchgear,15000,75000,0.05,71250.0
1571,2023-01-12,102,5,Indore,Circuit Breaker,Switchgear,15000,75000,0.0,75000.0
1574,2024-01-21,102,7,Bhopal,Circuit Breaker,Switchgear,15000,105000,0.05,99750.0
1582,2023-04-03,102,7,Indore,Circuit Breaker,Switchgear,15000,105000,0.1,94500.0
1586,2024-01-26,102,5,Dewas,Circuit Breaker,Switchgear,15000,75000,0.1,67500.0
1588,2023-11-10,102,4,Indore,Circuit Breaker,Switchgear,15000,60000,0.0,60000.0
1589,2023-04-24,102,4,Indore,Circuit Breaker,Switchgear,15000,60000,0.1,54000.0
1599,2023-08-15,102,8,Ujjain,Circuit Breaker,Switchgear,15000,120000,0.0,120000.0
1609,2023-09-25,102,2,Indore,Circuit Breaker,Switchgear,15000,30000,0.05,28500.0
1611,2023-07-02,102,1,Pithampur,Circuit Breaker,Switchgear,15000,15000,0.05,14250.0
1617,2023-10-13,102,4,Bhopal,Circuit Breaker,Switchgear,15000,60000,0.05,57000.0
1621,2023-03-25,102,9,Indore,Circuit Breaker,Switchgear,15000,135000,0.1,121500.0
1622,2024-01-03,102,5,Dewas,Circuit Breaker,Switchgear,15000,75000,0.0,75000.0
1630,2024-01-31,102,1,Ujjain,Circuit Breaker,Switchgear,15000,15000,0.05,14250.0
1634,2023-10-11,102,3,Dewas,Circuit Breaker,Switchgear,15000,45000,0.0,45000.0
1636,2023-08-11,102,5,Pithampur,Circuit Breaker,Switchgear,15000,75000,0.05,71250.0
1652,2023-02-08,102,4,Dewas,Circuit Breaker,Switchgear,15000,60000,0.1,54000.0
1659,2023-05-02,102,9,Bhopal,Circuit Breaker,Switchgear,15000,135000,0.1,121500.0
1662,2023-08-03,102,8,Bhopal,Circuit Breaker,Switchgear,15000,120000,0.0,120000.0
1663,2023-08-09,102,6,Pithampur,Circuit Breaker,Switchgear,15000,90000,0.1,81000.0
1666,2023-05-26,102,7,Ujjain,Circuit Breaker,Switchgear,15000,105000,0.1,94500.0
1668,2023-03-17,102,6,Ujjain,Circuit Breaker,Switchgear,15000,90000,0.0,90000.0
1672,2023-08-18,102,4,Dewas,Circuit Breaker,Switchgear,15000,60000,0.05,57000.0
1678,2024-01-28,102,4,Pithampur,Circuit Breaker,Switchgear,15000,60000,0.1,54000.0
1683,2023-01-29,102,2,Pithampur,Circuit Breaker,Switchgear,15000,30000,0.0,30000.0
1685,2023-12-05,102,4,Ujjain,Circuit Breaker,Switchgear,15000,60000,0.1,54000.0
1693,2023-10-28,102,2,Pithampur,Circuit Breaker,Switchgear,15000,30000,0.1,27000.0
1699,2023-12-30,102,1,Bhopal,Circuit Breaker,Switchgear,15000,15000,0.1,13500.0
1701,2023-06-16,102,3,Ujjain,Circuit Breaker,Switchgear,15000,45000,0.1,40500.0
1703,2023-07-21,102,5,Indore,Circuit Breaker,Switchgear,15000,75000,0.0,75000.0
1704,2023-12-12,102,9,Ujjain,Circuit Breaker,Switchgear,15000,135000,0.0,135000.0
1718,2023-01-01,102,9,Indore,Circuit Breaker,Switchgear,15000,135000,0.0,135000.0
1719,2024-01-22,102,7,Dewas,Circuit Breaker,Switchgear,15000,105000,0.1,94500.0
1720,2023-12-14,102,6,Pithampur,Circuit Breaker,Switchgear,15000,90000,0.1,81000.0
1721,2023-07-09,102,1,Pithampur,Circuit Breaker,Switchgear,15000,15000,0.1,13500.0
1732,2023-11-13,102,9,Ujjain,Circuit Breaker,Switchgear,15000,135000,0.0,135000.0
1751,2024-01-08,102,8,Ujjain,Circuit Breaker,Switchgear,15000,120000,0.1,108000.0
1753,2024-01-09,102,6,Indore,Circuit Breaker,Switchgear,15000,90000,0.05,85500.0
1759,2023-09-29,102,9,Pithampur,Circuit Breaker,Switchgear,15000,135000,0.1,121500.0
1768,2023-05-16,102,4,Dewas,Circuit Breaker,Switchgear,15000,60000,0.05,57000.0
1775,2023-02-10,102,8,Bhopal,Circuit Breaker,Switchgear,15000,120000,0.1,108000.0
1788,2023-03-23,102,6,Dewas,Circuit Breaker,Switchgear,15000,90000,0.0,90000.0
1793,2023-01-10,102,2,Ujjain,Circuit Breaker,Switchgear,15000,30000,0.1,27000.0
1794,2023-11-08,102,8,Pithampur,Circuit Breaker,Switchgear,15000,120000,0.05,114000.0
1810,2023-10-09,102,5,Ujjain,Circuit Breaker,Switchgear,15000,75000,0.05,71250.0
1811,2023-03-04,102,5,Indore,Circuit Breaker,Switchgear,15000,75000,0.1,67500.0
1814,2023-11-11,102,6,Indore,Circuit Breaker,Switchgear,15000,90000,0.05,85500.0
1822,2023-01-06,102,4,Pithampur,Circuit Breaker,Switchgear,15000,60000,0.05,57000.0
1823,2023-07-16,102,2,Pithampur,Circuit Breaker,Switchgear,15000,30000,0.0,30000.0
1824,2023-12-17,102,5,Dewas,Circuit Breaker,Switchgear,15000,75000,0.1,67500.0
1825,2023-05-13,102,3,Pithampur,Circuit Breaker,Switchgear,15000,45000,0.1,40500.0
1826,2023-12-24,102,9,Indore,Circuit Breaker,Switchgear,15000,135000,0.1,121500.0
1827,2023-09-16,102,4,Ujjain,Circuit Breaker,Switchgear,15000,60000,0.05,57000.0
1828,2023-01-23,102,6,Ujjain,Circuit Breaker,Switchgear,15000,90000,0.1,81000.0
1838,2023-02-20,102,6,Ujjain,Circuit Breaker,Switchgear,15000,90000,0.1,81000.0
1840,2023-07-24,102,5,Indore,Circuit Breaker,Switchgear,15000,75000,0.0,75000.0
1847,2023-03-13,102,9,Indore,Circuit Breaker,Switchgear,15000,135000,0.0,135000.0
1848,2023-02-08,102,3,Dewas,Circuit Breaker,Switchgear,15000,45000,0.0,45000.0
1852,2023-04-28,102,6,Pithampur,Circuit Breaker,Switchgear,15000,90000,0.05,85500.0
1854,2024-01-14,102,5,Indore,Circuit Breaker,Switchgear,15000,75000,0.1,67500.0
1861,2023-09-08,102,8,Dewas,Circuit Breaker,Switchgear,15000,120000,0.0,120000.0
1869,2024-02-02,102,7,Ujjain,Circuit Breaker,Switchgear,15000,105000,0.0,105000.0
1870,2023-03-07,102,7,Indore,Circuit Breaker,Switchgear,15000,105000,0.0,105000.0
1877,2023-11-02,102,9,Ujjain,Circuit Breaker,Switchgear,15000,135000,0.1,121500.0
1886,2023-12-01,102,2,Indore,Circuit Breaker,Switchgear,15000,30000,0.1,27000.0
1895,2023-05-18,102,5,Dewas,Circuit Breaker,Switchgear,15000,75000,0.1,67500.0
1900,2023-03-10,102,1,Bhopal,Circuit Breaker,Switchgear,15000,15000,0.05,14250.0
1902,2023-09-19,102,8,Pithampur,Circuit Breaker,Switchgear,15000,120000,0.05,114000.0
1904,2023-07-24,102,6,Ujjain,Circuit Breaker,Switchgear,15000,90000,0.0,90000.0
1905,2023-05-06,102,7,Dewas,Circuit Breaker,Switchgear,15000,105000,0.1,94500.0
1907,2023-02-12,102,9,Indore,Circuit Breaker,Switchgear,15000,135000,0.0,135000.0
1910,2023-04-21,102,3,Ujjain,Circuit Breaker,Switchgear,15000,45000,0.1,40500.0
1915,2023-04-05,102,9,Dewas,Circuit Breaker,Switchgear,15000,135000,0.1,121500.0
1919,2024-01-23,102,4,Dewas,Circuit Breaker,Switchgear,15000,60000,0.1,54000.0
1921,2024-01-23,102,6,Indore,Circuit Breaker,Switchgear,15000,90000,0.05,85500.0
1923,2023-10-08,102,4,Pithampur,Circuit Breaker,Switchgear,15000,60000,0.05,57000.0
1932,2023-02-20,102,3,Dewas,Circuit Breaker,Switchgear,15000,45000,0.1,40500.0
1938,2023-01-22,102,2,Pithampur,Circuit Breaker,Switchgear,15000,30000,0.0,30000.0
1947,2023-03-19,102,5,Indore,Circuit Breaker,Switchgear,15000,75000,0.1,67500.0
1949,2023-10-28,102,5,Ujjain,Circuit Breaker,Switchgear,15000,75000,0.1,67500.0
1951,2023-10-09,102,5,Indore,Circuit Breaker,Switchgear,15000,75000,0.0,75000.0
1977,2023-01-14,102,3,Pithampur,Circuit Breaker,Switchgear,15000,45000,0.1,40500.0
1978,2023-01-28,102,4,Indore,Circuit Breaker,Switchgear,15000,60000,0.0,60000.0
1982,2023-12-31,102,6,Pithampur,Circuit Breaker,Switchgear,15000,90000,0.05,85500.0
1994,2023-10-01,102,6,Bhopal,Circuit Breaker,Switchgear,15000,90000,0.05,85500.0
1997,2024-01-06,102,2,Bhopal,Circuit Breaker,Switchgear,15000,30000,0.0,30000.0
2000,2023-04-29,102,8,Ujjain,Circuit Breaker,Switchgear,15000,120000,0.05,114000.0
1004,2023-04-17,101,7,Indore,Power Transformer,Transmission,50000,350000,0.05,332500.0
1005,2023-03-13,101,8,Indore,Power Transformer,Transmission,50000,400000,0.0,400000.0
1008,2023-04-13,101,6,Indore,Power Transformer,Transmission,50000,300000,0.05,285000.0
1009,2023-05-02,101,4,Dewas,Power Transformer,Transmission,50000,200000,0.1,180000.0
1012,2023-03-29,101,2,Pithampur,Power Transformer,Transmission,50000,100000,0.1,90000.0
1016,2023-06-01,101,5,Indore,Power Transformer,Transmission,50000,250000,0.0,250000.0
1021,2023-12-10,101,5,Indore,Power Transformer,Transmission,50000,250000,0.05,237500.0
1025,2023-10-04,101,7,Indore,Power Transformer,Transmission,50000,350000,0.1,315000.0
1034,2023-06-19,101,9,Ujjain,Power Transformer,Transmission,50000,450000,0.1,405000.0
1035,2023-07-07,101,4,Dewas,Power Transformer,Transmission,50000,200000,0.05,190000.0
1040,2023-12-30,101,5,Dewas,Power Transformer,Transmission,50000,250000,0.05,237500.0
1050,2023-10-01,101,5,Ujjain,Power Transformer,Transmission,50000,250000,0.1,225000.0
1052,2023-03-30,101,4,Ujjain,Power Transformer,Transmission,50000,200000,0.1,180000.0
1064,2023-02-04,101,1,Bhopal,Power Transformer,Transmission,50000,50000,0.0,50000.0
1066,2023-03-22,101,6,Bhopal,Power Transformer,Transmission,50000,300000,0.0,300000.0
1068,2023-12-26,101,9,Indore,Power Transformer,Transmission,50000,450000,0.1,405000.0
1076,2023-07-10,101,1,Indore,Power Transformer,Transmission,50000,50000,0.0,50000.0
1086,2023-09-09,101,8,Dewas,Power Transformer,Transmission,50000,400000,0.1,360000.0
1088,2023-10-23,101,6,Ujjain,Power Transformer,Transmission,50000,300000,0.1,270000.0
1089,2023-08-01,101,5,Bhopal,Power Transformer,Transmission,50000,250000,0.0,250000.0
1090,2023-07-27,101,9,Bhopal,Power Transformer,Transmission,50000,450000,0.0,450000.0
1093,2024-01-02,101,5,Indore,Power Transformer,Transmission,50000,250000,0.05,237500.0
1100,2023-02-10,101,7,Ujjain,Power Transformer,Transmission,50000,350000,0.05,332500.0
1105,2023-12-11,101,4,Pithampur,Power Transformer,Transmission,50000,200000,0.05,190000.0
1109,2023-05-09,101,2,Ujjain,Power Transformer,Transmission,50000,100000,0.1,90000.0
1120,2023-02-10,101,9,Pithampur,Power Transformer,Transmission,50000,450000,0.0,450000.0
1123,2023-07-20,101,7,Indore,Power Transformer,Transmission,50000,350000,0.1,315000.0
1127,2023-02-17,101,4,Pithampur,Power Transformer,Transmission,50000,200000,0.0,200000.0
1128,2023-03-03,101,4,Bhopal,Power Transformer,Transmission,50000,200000,0.1,180000.0
1129,2023-08-04,101,4,Dewas,Power Transformer,Transmission,50000,200000,0.05,190000.0
1130,2023-10-20,101,6,Dewas,Power Transformer,Transmission,50000,300000,0.05,285000.0
1131,2023-04-09,101,7,Pithampur,Power Transformer,Transmission,50000,350000,0.05,332500.0
1141,2023-08-06,101,9,Bhopal,Power Transformer,Transmission,50000,450000,0.1,405000.0
1146,2024-01-28,101,1,Indore,Power Transformer,Transmission,50000,50000,0.0,50000.0
1147,2023-07-26,101,5,Indore,Power Transformer,Transmission,50000,250000,0.0,250000.0
1151,2024-01-15,101,3,Bhopal,Power Transformer,Transmission,50000,150000,0.05,142500.0
1158,2023-04-06,101,1,Dewas,Power Transformer,Transmission,50000,50000,0.05,47500.0
1188,2023-08-19,101,3,Bhopal,Power Transformer,Transmission,50000,150000,0.05,142500.0
1189,2023-07-09,101,4,Ujjain,Power Transformer,Transmission,50000,200000,0.05,190000.0
1199,2023-07-17,101,8,Indore,Power Transformer,Transmission,50000,400000,0.0,400000.0
1202,2023-06-14,101,9,Dewas,Power Transformer,Transmission,50000,450000,0.1,405000.0
1205,2023-08-22,101,1,Ujjain,Power Transformer,Transmission,50000,50000,0.1,45000.0
1207,2023-06-01,101,5,Ujjain,Power Transformer,Transmission,50000,250000,0.1,225000.0
1212,2023-08-21,101,2,Bhopal,Power Transformer,Transmission,50000,100000,0.1,90000.0
1213,2023-06-29,101,3,Ujjain,Power Transformer,Transmission,50000,150000,0.05,142500.0
1216,2023-02-21,101,6,Dewas,Power Transformer,Transmission,50000,300000,0.05,285000.0
1218,2023-10-22,101,2,Bhopal,Power Transformer,Transmission,50000,100000,0.05,95000.0
1221,2023-04-23,101,6,Dewas,Power Transformer,Transmission,50000,300000,0.1,270000.0
1224,2023-03-22,101,2,Ujjain,Power Transformer,Transmission,50000,100000,0.05,95000.0
1227,2023-01-02,101,8,Pithampur,Power Transformer,Transmission,50000,400000,0.05,380000.0
1235,2023-05-06,101,1,Ujjain,Power Transformer,Transmission,50000,50000,0.0,50000.0
1241,2023-07-17,101,8,Indore,Power Transformer,Transmission,50000,400000,0.0,400000.0
1244,2023-07-22,101,4,Bhopal,Power Transformer,Transmission,50000,200000,0.05,190000.0
1245,2023-07-03,101,8,Indore,Power Transformer,Transmission,50000,400000,0.0,400000.0
1252,2023-04-08,101,6,Indore,Power Transformer,Transmission,50000,300000,0.0,300000.0
1253,2023-07-17,101,2,Ujjain,Power Transformer,Transmission,50000,100000,0.05,95000.0
1255,2023-08-28,101,7,Dewas,Power Transformer,Transmission,50000,350000,0.05,332500.0
1256,2023-05-24,101,1,Dewas,Power Transformer,Transmission,50000,50000,0.05,47500.0
1260,2023-07-06,101,2,Ujjain,Power Transformer,Transmission,50000,100000,0.05,95000.0
1261,2023-11-22,101,4,Pithampur,Power Transformer,Transmission,50000,200000,0.1,180000.0
1267,2023-05-27,101,5,Pithampur,Power Transformer,Transmission,50000,250000,0.1,225000.0
1272,2023-05-08,101,3,Dewas,Power Transformer,Transmission,50000,150000,0.05,142500.0
1277,2023-09-24,101,7,Pithampur,Power Transformer,Transmission,50000,350000,0.0,350000.0
1281,2023-09-20,101,6,Indore,Power Transformer,Transmission,50000,300000,0.05,285000.0
1289,2024-01-20,101,6,Ujjain,Power Transformer,Transmission,50000,300000,0.05,285000.0
1293,2023-02-06,101,9,Dewas,Power Transformer,Transmission,50000,450000,0.0,450000.0
1294,2023-06-09,101,5,Pithampur,Power Transformer,Transmission,50000,250000,0.1,225000.0
1298,2023-05-27,101,3,Pithampur,Power Transformer,Transmission,50000,150000,0.05,142500.0
1302,2023-06-01,101,9,Indore,Power Transformer,Transmission,50000,450000,0.05,427500.0
1313,2023-04-22,101,9,Dewas,Power Transformer,Transmission,50000,450000,0.1,405000.0
1323,2023-07-27,101,4,Dewas,Power Transformer,Transmission,50000,200000,0.1,180000.0
1334,2023-07-14,101,9,Ujjain,Power Transformer,Transmission,50000,450000,0.0,450000.0
1342,2023-06-07,101,3,Indore,Power Transformer,Transmission,50000,150000,0.1,135000.0
1345,2023-12-31,101,3,Dewas,Power Transformer,Transmission,50000,150000,0.1,135000.0
1348,2023-10-10,101,4,Pithampur,Power Transformer,Transmission,50000,200000,0.1,180000.0
1349,2023-01-27,101,4,Ujjain,Power Transformer,Transmission,50000,200000,0.0,200000.0
1352,2023-10-13,101,1,Ujjain,Power Transformer,Transmission,50000,50000,0.1,45000.0
1353,2023-04-07,101,5,Ujjain,Power Transformer,Transmission,50000,250000,0.1,225000.0
1367,2023-02-15,101,5,Bhopal,Power Transformer,Transmission,50000,250000,0.0,250000.0
1369,2023-01-06,101,5,Dewas,Power Transformer,Transmission,50000,250000,0.1,225000.0
1371,2024-01-15,101,2,Ujjain,Power Transformer,Transmission,50000,100000,0.1,90000.0
1378,2023-04-05,101,7,Dewas,Power Transformer,Transmission,50000,350000,0.0,350000.0
1383,2023-09-10,101,5,Indore,Power Transformer,Transmission,50000,250000,0.05,237500.0
1387,2023-05-08,101,4,Pithampur,Power Transformer,Transmission,50000,200000,0.0,200000.0
1395,2023-06-23,101,4,Ujjain,Power Transformer,Transmission,50000,200000,0.1,180000.0
1406,2024-01-28,101,9,Indore,Power Transformer,Transmission,50000,450000,0.1,405000.0
1411,2023-06-19,101,1,Bhopal,Power Transformer,Transmission,50000,50000,0.1,45000.0
1419,2023-11-09,101,8,Pithampur,Power Transformer,Transmission,50000,400000,0.0,400000.0
1424,2023-09-21,101,7,Dewas,Power Transformer,Transmission,50000,350000,0.1,315000.0
1428,2023-05-23,101,1,Pithampur,Power Transformer,Transmission,50000,50000,0.1,45000.0
1429,2023-04-02,101,7,Pithampur,Power Transformer,Transmission,50000,350000,0.0,350000.0
1430,2023-12-20,101,5,Pithampur,Power Transformer,Transmission,50000,250000,0.05,237500.0
1431,2023-11-18,101,8,Bhopal,Power Transformer,Transmission,50000,400000,0.05,380000.0
1432,2023-10-15,101,8,Dewas,Power Transformer,Transmission,50000,400000,0.1,360000.0
1436,2023-06-02,101,3,Pithampur,Power Transformer,Transmission,50000,150000,0.0,150000.0
1451,2023-04-11,101,5,Ujjain,Power Transformer,Transmission,50000,250000,0.1,225000.0
1453,2023-02-22,101,6,Indore,Power Transformer,Transmission,50000,300000,0.0,300000.0
1455,2023-04-18,101,6,Dewas,Power Transformer,Transmission,50000,300000,0.0,300000.0
1456,2023-01-05,101,1,Indore,Power Transformer,Transmission,50000,50000,0.05,47500.0
1460,2023-12-31,101,9,Ujjain,Power Transformer,Transmission,50000,450000,0.05,427500.0
1462,2023-12-16,101,2,Dewas,Power Transformer,Transmission,50000,100000,0.0,100000.0
1464,2023-12-21,101,1,Pithampur,Power Transformer,Transmission,50000,50000,0.1,45000.0
1468,2023-09-26,101,9,Ujjain,Power Transformer,Transmission,50000,450000,0.05,427500.0
1472,2023-06-07,101,5,Bhopal,Power Transformer,Transmission,50000,250000,0.1,225000.0
1477,2023-10-02,101,5,Indore,Power Transformer,Transmission,50000,250000,0.05,237500.0
1488,2023-05-09,101,6,Pithampur,Power Transformer,Transmission,50000,300000,0.05,285000.0
1499,2023-08-25,101,1,Pithampur,Power Transformer,Transmission,50000,50000,0.1,45000.0
1502,2023-09-29,101,5,Indore,Power Transformer,Transmission,50000,250000,0.05,237500.0
1505,2023-03-10,101,8,Pithampur,Power Transformer,Transmission,50000,400000,0.05,380000.0
1521,2024-02-04,101,5,Bhopal,Power Transformer,Transmission,50000,250000,0.1,225000.0
1525,2023-04-10,101,6,Indore,Power Transformer,Transmission,50000,300000,0.05,285000.0
1527,2023-09-11,101,7,Pithampur,Power Transformer,Transmission,50000,350000,0.05,332500.0
1529,2023-12-23,101,9,Dewas,Power Transformer,Transmission,50000,450000,0.05,427500.0
1532,2023-01-10,101,8,Bhopal,Power Transformer,Transmission,50000,400000,0.1,360000.0
1533,2023-09-03,101,1,Pithampur,Power Transformer,Transmission,50000,50000,0.0,50000.0
1540,2023-09-07,101,2,Bhopal,Power Transformer,Transmission,50000,100000,0.1,90000.0
1541,2023-05-27,101,9,Pithampur,Power Transformer,Transmission,50000,450000,0.0,450000.0
1543,2023-09-14,101,7,Ujjain,Power Transformer,Transmission,50000,350000,0.05,332500.0
1544,2023-11-21,101,2,Bhopal,Power Transformer,Transmission,50000,100000,0.0,100000.0
1545,2023-01-04,101,9,Dewas,Power Transformer,Transmission,50000,450000,0.1,405000.0
1558,2024-01-15,101,7,Pithampur,Power Transformer,Transmission,50000,350000,0.1,315000.0
1570,2024-02-01,101,6,Ujjain,Power Transformer,Transmission,50000,300000,0.05,285000.0
1572,2023-04-05,101,6,Ujjain,Power Transformer,Transmission,50000,300000,0.0,300000.0
1573,2023-10-29,101,8,Bhopal,Power Transformer,Transmission,50000,400000,0.05,380000.0
1578,2023-08-03,101,9,Pithampur,Power Transformer,Transmission,50000,450000,0.05,427500.0
1579,2023-12-03,101,4,Bhopal,Power Transformer,Transmission,50000,200000,0.1,180000.0
1583,2023-03-31,101,4,Ujjain,Power Transformer,Transmission,50000,200000,0.0,200000.0
1590,2023-03-16,101,8,Dewas,Power Transformer,Transmission,50000,400000,0.0,400000.0
1595,2023-06-13,101,3,Bhopal,Power Transformer,Transmission,50000,150000,0.0,150000.0
1596,2024-01-29,101,1,Indore,Power Transformer,Transmission,50000,50000,0.0,50000.0
1601,2023-04-09,101,5,Dewas,Power Transformer,Transmission,50000,250000,0.05,237500.0
1606,2023-07-09,101,1,Dewas,Power Transformer,Transmission,50000,50000,0.05,47500.0
1608,2023-02-06,101,1,Indore,Power Transformer,Transmission,50000,50000,0.1,45000.0
1612,2023-01-13,101,9,Indore,Power Transformer,Transmission,50000,450000,0.05,427500.0
1613,2023-10-06,101,6,Indore,Power Transformer,Transmission,50000,300000,0.05,285000.0
1629,2023-04-10,101,6,Ujjain,Power Transformer,Transmission,50000,300000,0.1,270000.0
1640,2024-01-02,101,5,Indore,Power Transformer,Transmission,50000,250000,0.1,225000.0
1643,2023-03-10,101,6,Ujjain,Power Transformer,Transmission,50000,300000,0.1,270000.0
1646,2023-01-25,101,7,Pithampur,Power Transformer,Transmission,50000,350000,0.05,332500.0
1650,2023-05-24,101,8,Dewas,Power Transformer,Transmission,50000,400000,0.05,380000.0
1660,2023-05-13,101,4,Dewas,Power Transformer,Transmission,50000,200000,0.1,180000.0
1675,2023-05-21,101,2,Bhopal,Power Transformer,Transmission,50000,100000,0.1,90000.0
1676,2023-06-17,101,9,Ujjain,Power Transformer,Transmission,50000,450000,0.1,405000.0
1677,2023-06-19,101,5,Bhopal,Power Transformer,Transmission,50000,250000,0.05,237500.0
1684,2023-06-14,101,8,Bhopal,Power Transformer,Transmission,50000,400000,0.05,380000.0
1696,2023-03-11,101,7,Ujjain,Power Transformer,Transmission,50000,350000,0.0,350000.0
1698,2023-10-02,101,8,Pithampur,Power Transformer,Transmission,50000,400000,0.05,380000.0
1700,2023-07-01,101,3,Dewas,Power Transformer,Transmission,50000,150000,0.05,142500.0
1715,2023-11-13,101,1,Indore,Power Transformer,Transmission,50000,50000,0.05,47500.0
1724,2023-11-08,101,6,Dewas,Power Transformer,Transmission,50000,300000,0.1,270000.0
1727,2023-02-27,101,1,Bhopal,Power Transformer,Transmission,50000,50000,0.05,47500.0
1737,2023-08-01,101,6,Pithampur,Power Transformer,Transmission,50000,300000,0.1,270000.0
1746,2023-08-21,101,4,Bhopal,Power Transformer,Transmission,50000,200000,0.0,200000.0
1750,2023-01-01,101,8,Indore,Power Transformer,Transmission,50000,400000,0.0,400000.0
1756,2023-01-12,101,8,Ujjain,Power Transformer,Transmission,50000,400000,0.1,360000.0
1757,2023-11-26,101,1,Indore,Power Transformer,Transmission,50000,50000,0.1,45000.0
1763,2023-01-08,101,1,Ujjain,Power Transformer,Transmission,50000,50000,0.1,45000.0
1764,2023-05-02,101,4,Dewas,Power Transformer,Transmission,50000,200000,0.05,190000.0
1778,2023-05-25,101,9,Pithampur,Power Transformer,Transmission,50000,450000,0.0,450000.0
1779,2023-07-20,101,4,Ujjain,Power Transformer,Transmission,50000,200000,0.1,180000.0
1783,2024-02-01,101,7,Pithampur,Power Transformer,Transmission,50000,350000,0.05,332500.0
1784,2023-02-15,101,9,Indore,Power Transformer,Transmission,50000,450000,0.0,450000.0
1791,2023-07-16,101,3,Dewas,Power Transformer,Transmission,50000,150000,0.05,142500.0
1797,2023-09-08,101,1,Bhopal,Power Transformer,Transmission,50000,50000,0.0,50000.0
1798,2023-12-31,101,7,Pithampur,Power Transformer,Transmission,50000,350000,0.05,332500.0
1800,2023-04-29,101,5,Bhopal,Power Transformer,Transmission,50000,250000,0.0,250000.0
1803,2023-03-06,101,6,Ujjain,Power Transformer,Transmission,50000,300000,0.0,300000.0
1804,2023-05-26,101,6,Pithampur,Power Transformer,Transmission,50000,300000,0.05,285000.0
1806,2023-08-27,101,9,Ujjain,Power Transformer,Transmission,50000,450000,0.1,405000.0
1809,2023-12-07,101,7,Indore,Power Transformer,Transmission,50000,350000,0.0,350000.0
1813,2023-12-08,101,4,Ujjain,Power Transformer,Transmission,50000,200000,0.1,180000.0
1815,2023-10-10,101,7,Bhopal,Power Transformer,Transmission,50000,350000,0.05,332500.0
1816,2023-06-26,101,5,Ujjain,Power Transformer,Transmission,50000,250000,0.1,225000.0
1817,2023-04-08,101,9,Ujjain,Power Transformer,Transmission,50000,450000,0.1,405000.0
1819,2023-04-09,101,1,Dewas,Power Transformer,Transmission,50000,50000,0.1,45000.0
1830,2023-06-14,101,6,Bhopal,Power Transformer,Transmission,50000,300000,0.1,270000.0
1835,2023-03-19,101,5,Indore,Power Transformer,Transmission,50000,250000,0.1,225000.0
1836,2024-01-01,101,8,Dewas,Power Transformer,Transmission,50000,400000,0.0,400000.0
1837,2023-01-01,101,2,Pithampur,Power Transformer,Transmission,50000,100000,0.0,100000.0
1850,2023-09-07,101,9,Indore,Power Transformer,Transmission,50000,450000,0.0,450000.0
1858,2023-08-24,101,2,Indore,Power Transformer,Transmission,50000,100000,0.05,95000.0
1873,2023-07-11,101,9,Dewas,Power Transformer,Transmission,50000,450000,0.1,405000.0
1882,2023-12-13,101,1,Indore,Power Transformer,Transmission,50000,50000,0.0,50000.0
1884,2023-09-06,101,9,Pithampur,Power Transformer,Transmission,50000,450000,0.05,427500.0
1896,2023-07-03,101,8,Pithampur,Power Transformer,Transmission,50000,400000,0.0,400000.0
1898,2023-09-30,101,3,Bhopal,Power Transformer,Transmission,50000,150000,0.0,150000.0
1917,2024-02-04,101,9,Pithampur,Power Transformer,Transmission,50000,450000,0.1,405000.0
1927,2023-06-04,101,1,Indore,Power Transformer,Transmission,50000,50000,0.05,47500.0
1930,2023-03-02,101,9,Bhopal,Power Transformer,Transmission,50000,450000,0.1,405000.0
1933,2023-10-04,101,9,Bhopal,Power Transformer,Transmission,50000,450000,0.1,405000.0
1935,2023-04-02,101,4,Pithampur,Power Transformer,Transmission,50000,200000,0.0,200000.0
1936,2023-06-19,101,4,Indore,Power Transformer,Transmission,50000,200000,0.1,180000.0
1942,2023-08-21,101,8,Dewas,Power Transformer,Transmission,50000,400000,0.05,380000.0
1953,2023-02-16,101,1,Indore,Power Transformer,Transmission,50000,50000,0.1,45000.0
1954,2023-05-01,101,5,Dewas,Power Transformer,Transmission,50000,250000,0.1,225000.0
1959,2023-04-17,101,1,Indore,Power Transformer,Transmission,50000,50000,0.1,45000.0
1960,2023-11-15,101,2,Ujjain,Power Transformer,Transmission,50000,100000,0.0,100000.0
1963,2023-12-03,101,8,Ujjain,Power Transformer,Transmission,50000,400000,0.05,380000.0
1969,2023-12-21,101,4,Indore,Power Transformer,Transmission,50000,200000,0.0,200000.0
1970,2023-09-10,101,6,Bhopal,Power Transformer,Transmission,50000,300000,0.0,300000.0
1979,2023-03-19,101,7,Ujjain,Power Transformer,Transmission,50000,350000,0.0,350000.0
1984,2023-01-14,101,6,Indore,Power Transformer,Transmission,50000,300000,0.0,300000.0
1990,2023-04-21,101,1,Bhopal,Power Transformer,Transmission,50000,50000,0.0,50000.0
1991,2023-08-26,101,8,Bhopal,Power Transformer,Transmission,50000,400000,0.05,380000.0
1015,2023-12-26,103,2,Ujjain,Distribution Board,Distribution,8000,16000,0.1,14400.0
1023,2024-01-21,103,2,Ujjain,Distribution Board,Distribution,8000,16000,0.0,16000.0
1030,2023-08-24,103,8,Ujjain,Distribution Board,Distribution,8000,64000,0.0,64000.0
1031,2023-12-11,103,8,Indore,Distribution Board,Distribution,8000,64000,0.05,60800.0
1039,2023-02-20,103,5,Dewas,Distribution Board,Distribution,8000,40000,0.05,38000.0
1041,2023-02-24,103,9,Dewas,Distribution Board,Distribution,8000,72000,0.1,64800.0
1042,2023-09-01,103,2,Ujjain,Distribution Board,Distribution,8000,16000,0.05,15200.0
1048,2023-11-25,103,9,Ujjain,Distribution Board,Distribution,8000,72000,0.1,64800.0
1051,2024-01-23,103,9,Pithampur,Distribution Board,Distribution,8000,72000,0.0,72000.0
1054,2023-01-14,103,6,Ujjain,Distribution Board,Distribution,8000,48000,0.0,48000.0
1056,2023-09-22,103,6,Pithampur,Distribution Board,Distribution,8000,48000,0.1,43200.0
1062,2024-01-02,103,7,Indore,Distribution Board,Distribution,8000,56000,0.05,53200.0
1071,2024-01-25,103,7,Ujjain,Distribution Board,Distribution,8000,56000,0.1,50400.0
1074,2023-09-17,103,9,Pithampur,Distribution Board,Distribution,8000,72000,0.05,68400.0
1075,2023-11-06,103,1,Indore,Distribution Board,Distribution,8000,8000,0.0,8000.0
1091,2023-08-25,103,5,Dewas,Distribution Board,Distribution,8000,40000,0.05,38000.0
1092,2023-12-04,103,2,Indore,Distribution Board,Distribution,8000,16000,0.1,14400.0
1099,2024-01-15,103,7,Bhopal,Distribution Board,Distribution,8000,56000,0.1,50400.0
1103,2023-10-28,103,4,Indore,Distribution Board,Distribution,8000,32000,0.0,32000.0
1104,2023-03-06,103,3,Indore,Distribution Board,Distribution,8000,24000,0.05,22800.0
1108,2023-12-10,103,3,Indore,Distribution Board,Distribution,8000,24000,0.05,22800.0
1112,2023-05-19,103,4,Ujjain,Distribution Board,Distribution,8000,32000,0.05,30400.0
1116,2023-10-16,103,2,Pithampur,Distribution Board,Distribution,8000,16000,0.0,16000.0
1117,2024-01-14,103,2,Ujjain,Distribution Board,Distribution,8000,16000,0.05,15200.0
1125,2023-09-25,103,1,Bhopal,Distribution Board,Distribution,8000,8000,0.1,7200.0
1134,2023-08-02,103,8,Dewas,Distribution Board,Distribution,8000,64000,0.05,60800.0
1135,2023-02-04,103,7,Bhopal,Distribution Board,Distribution,8000,56000,0.0,56000.0
1136,2023-08-15,103,6,Dewas,Distribution Board,Distribution,8000,48000,0.05,45600.0
1137,2023-04-11,103,6,Indore,Distribution Board,Distribution,8000,48000,0.05,45600.0
1143,2024-02-02,103,9,Ujjain,Distribution Board,Distribution,8000,72000,0.1,64800.0
1150,2023-02-11,103,8,Ujjain,Distribution Board,Distribution,8000,64000,0.05,60800.0
1156,2023-08-29,103,3,Dewas,Distribution Board,Distribution,8000,24000,0.1,21600.0
1170,2023-07-06,103,5,Ujjain,Distribution Board,Distribution,8000,40000,0.1,36000.0
1171,2023-08-31,103,3,Dewas,Distribution Board,Distribution,8000,24000,0.0,24000.0
1172,2023-03-27,103,7,Dewas,Distribution Board,Distribution,8000,56000,0.1,50400.0
1176,2023-02-14,103,2,Bhopal,Distribution Board,Distribution,8000,16000,0.1,14400.0
1177,2023-03-03,103,3,Dewas,Distribution Board,Distribution,8000,24000,0.0,24000.0
1180,2023-01-28,103,2,Bhopal,Distribution Board,Distribution,8000,16000,0.1,14400.0
1183,2023-12-06,103,7,Dewas,Distribution Board,Distribution,8000,56000,0.0,56000.0
1191,2024-01-20,103,7,Bhopal,Distribution Board,Distribution,8000,56000,0.05,53200.0
1203,2023-08-13,103,7,Pithampur,Distribution Board,Distribution,8000,56000,0.0,56000.0
1206,2023-06-21,103,2,Pithampur,Distribution Board,Distribution,8000,16000,0.1,14400.0
1214,2023-04-23,103,6,Ujjain,Distribution Board,Distribution,8000,48000,0.0,48000.0
1225,2023-07-06,103,7,Pithampur,Distribution Board,Distribution,8000,56000,0.1,50400.0
1229,2023-08-08,103,4,Pithampur,Distribution Board,Distribution,8000,32000,0.05,30400.0
1232,2023-08-12,103,7,Pithampur,Distribution Board,Distribution,8000,56000,0.0,56000.0
1234,2024-01-20,103,7,Dewas,Distribution Board,Distribution,8000,56000,0.05,53200.0
1236,2023-05-10,103,8,Bhopal,Distribution Board,Distribution,8000,64000,0.1,57600.0
1237,2023-02-22,103,4,Dewas,Distribution Board,Distribution,8000,32000,0.1,28800.0
1239,2023-08-06,103,7,Dewas,Distribution Board,Distribution,8000,56000,0.05,53200.0
1240,2023-06-09,103,3,Ujjain,Distribution Board,Distribution,8000,24000,0.0,24000.0
1247,2023-09-12,103,1,Dewas,Distribution Board,Distribution,8000,8000,0.0,8000.0
1263,2023-09-16,103,7,Dewas,Distribution Board,Distribution,8000,56000,0.1,50400.0
1264,2023-05-28,103,2,Pithampur,Distribution Board,Distribution,8000,16000,0.05,15200.0
1265,2023-09-09,103,2,Ujjain,Distribution Board,Distribution,8000,16000,0.05,15200.0
1270,2023-07-18,103,9,Pithampur,Distribution Board,Distribution,8000,72000,0.0,72000.0
1273,2023-02-08,103,4,Dewas,Distribution Board,Distribution,8000,32000,0.0,32000.0
1279,2023-10-25,103,3,Pithampur,Distribution Board,Distribution,8000,24000,0.0,24000.0
1283,2023-05-24,103,4,Dewas,Distribution Board,Distribution,8000,32000,0.05,30400.0
1286,2023-03-01,103,2,Bhopal,Distribution Board,Distribution,8000,16000,0.0,16000.0
1295,2023-01-09,103,3,Ujjain,Distribution Board,Distribution,8000,24000,0.0,24000.0
1296,2023-08-21,103,2,Dewas,Distribution Board,Distribution,8000,16000,0.1,14400.0
1300,2023-07-27,103,4,Indore,Distribution Board,Distribution,8000,32000,0.0,32000.0
1301,2023-05-11,103,2,Indore,Distribution Board,Distribution,8000,16000,0.0,16000.0
1305,2023-06-10,103,6,Dewas,Distribution Board,Distribution,8000,48000,0.05,45600.0
1306,2023-04-26,103,1,Dewas,Distribution Board,Distribution,8000,8000,0.05,7600.0
1315,2023-06-02,103,9,Bhopal,Distribution Board,Distribution,8000,72000,0.1,64800.0
1317,2024-01-19,103,2,Pithampur,Distribution Board,Distribution,8000,16000,0.0,16000.0
1326,2023-03-09,103,6,Indore,Distribution Board,Distribution,8000,48000,0.1,43200.0
1329,2023-10-04,103,3,Pithampur,Distribution Board,Distribution,8000,24000,0.05,22800.0
1338,2024-01-06,103,9,Indore,Distribution Board,Distribution,8000,72000,0.1,64800.0
1344,2023-08-18,103,9,Pithampur,Distribution Board,Distribution,8000,72000,0.05,68400.0
1347,2023-09-21,103,1,Dewas,Distribution Board,Distribution,8000,8000,0.1,7200.0
1354,2023-10-11,103,7,Dewas,Distribution Board,Distribution,8000,56000,0.1,50400.0
1362,2023-02-18,103,4,Bhopal,Distribution Board,Distribution,8000,32000,0.0,32000.0
1377,2023-06-30,103,8,Ujjain,Distribution Board,Distribution,8000,64000,0.1,57600.0
1379,2023-04-09,103,5,Ujjain,Distribution Board,Distribution,8000,40000,0.0,40000.0
1394,2023-12-26,103,5,Pithampur,Distribution Board,Distribution,8000,40000,0.0,40000.0
1396,2023-10-07,103,2,Dewas,Distribution Board,Distribution,8000,16000,0.0,16000.0
1399,2023-12-08,103,8,Bhopal,Distribution Board,Distribution,8000,64000,0.0,64000.0
1403,2024-01-21,103,6,Indore,Distribution Board,Distribution,8000,48000,0.1,43200.0
1404,2023-09-30,103,5,Pithampur,Distribution Board,Distribution,8000,40000,0.05,38000.0
1407,2023-10-26,103,1,Indore,Distribution Board,Distribution,8000,8000,0.05,7600.0
1408,2023-09-03,103,8,Bhopal,Distribution Board,Distribution,8000,64000,0.05,60800.0
1415,2023-11-02,103,8,Ujjain,Distribution Board,Distribution,8000,64000,0.1,57600.0
1416,2023-01-13,103,5,Pithampur,Distribution Board,Distribution,8000,40000,0.0,40000.0
1418,2024-01-26,103,2,Ujjain,Distribution Board,Distribution,8000,16000,0.05,15200.0
1420,2023-02-05,103,6,Dewas,Distribution Board,Distribution,8000,48000,0.1,43200.0
1422,2023-01-20,103,1,Indore,Distribution Board,Distribution,8000,8000,0.0,8000.0
1434,2023-12-08,103,7,Dewas,Distribution Board,Distribution,8000,56000,0.05,53200.0
1437,2023-07-05,103,8,Dewas,Distribution Board,Distribution,8000,64000,0.0,64000.0
1438,2023-03-04,103,3,Ujjain,Distribution Board,Distribution,8000,24000,0.05,22800.0
1443,2023-02-27,103,5,Indore,Distribution Board,Distribution,8000,40000,0.05,38000.0
1446,2023-06-29,103,4,Indore,Distribution Board,Distribution,8000,32000,0.05,30400.0
1449,2023-09-28,103,3,Ujjain,Distribution Board,Distribution,8000,24000,0.0,24000.0
1450,2023-02-23,103,3,Dewas,Distribution Board,Distribution,8000,24000,0.1,21600.0
1458,2023-07-15,103,8,Indore,Distribution Board,Distribution,8000,64000,0.0,64000.0
1466,2023-11-04,103,4,Bhopal,Distribution Board,Distribution,8000,32000,0.05,30400.0
1478,2023-04-02,103,2,Ujjain,Distribution Board,Distribution,8000,16000,0.0,16000.0
1480,2023-12-12,103,8,Ujjain,Distribution Board,Distribution,8000,64000,0.1,57600.0
1484,2023-10-06,103,9,Indore,Distribution Board,Distribution,8000,72000,0.0,72000.0
1486,2024-01-28,103,9,Dewas,Distribution Board,Distribution,8000,72000,0.1,64800.0
1489,2023-02-27,103,4,Ujjain,Distribution Board,Distribution,8000,32000,0.1,28800.0
1494,2023-04-06,103,8,Pithampur,Distribution Board,Distribution,8000,64000,0.0,64000.0
1496,2023-04-28,103,3,Dewas,Distribution Board,Distribution,8000,24000,0.05,22800.0
1510,2023-06-03,103,9,Indore,Distribution Board,Distribution,8000,72000,0.1,64800.0
1513,2023-07-04,103,2,Pithampur,Distribution Board,Distribution,8000,16000,0.0,16000.0
1517,2023-02-16,103,3,Ujjain,Distribution Board,Distribution,8000,24000,0.1,21600.0
1518,2023-04-04,103,7,Bhopal,Distribution Board,Distribution,8000,56000,0.05,53200.0
1534,2023-11-21,103,5,Bhopal,Distribution Board,Distribution,8000,40000,0.0,40000.0
1548,2023-12-02,103,4,Ujjain,Distribution Board,Distribution,8000,32000,0.0,32000.0
1553,2023-12-06,103,2,Pithampur,Distribution Board,Distribution,8000,16000,0.0,16000.0
1555,2024-01-31,103,9,Pithampur,Distribution Board,Distribution,8000,72000,0.05,68400.0
1561,2023-04-11,103,3,Dewas,Distribution Board,Distribution,8000,24000,0.1,21600.0
1565,2023-06-17,103,4,Indore,Distribution Board,Distribution,8000,32000,0.0,32000.0
1568,2023-02-13,103,3,Pithampur,Distribution Board,Distribution,8000,24000,0.1,21600.0
1575,2023-09-10,103,5,Pithampur,Distribution Board,Distribution,8000,40000,0.1,36000.0
1580,2023-03-31,103,1,Pithampur,Distribution Board,Distribution,8000,8000,0.05,7600.0
1585,2023-04-15,103,8,Bhopal,Distribution Board,Distribution,8000,64000,0.0,64000.0
1587,2023-07-15,103,7,Pithampur,Distribution Board,Distribution,8000,56000,0.1,50400.0
1591,2024-01-11,103,8,Bhopal,Distribution Board,Distribution,8000,64000,0.0,64000.0
1592,2023-08-05,103,2,Pithampur,Distribution Board,Distribution,8000,16000,0.0,16000.0
1600,2023-06-26,103,6,Dewas,Distribution Board,Distribution,8000,48000,0.05,45600.0
1602,2023-02-05,103,4,Ujjain,Distribution Board,Distribution,8000,32000,0.0,32000.0
1603,2023-04-06,103,3,Ujjain,Distribution Board,Distribution,8000,24000,0.0,24000.0
1607,2023-08-12,103,7,Dewas,Distribution Board,Distribution,8000,56000,0.1,50400.0
1615,2023-12-21,103,1,Bhopal,Distribution Board,Distribution,8000,8000,0.05,7600.0
1616,2023-12-27,103,6,Indore,Distribution Board,Distribution,8000,48000,0.0,48000.0
1619,2024-01-04,103,6,Pithampur,Distribution Board,Distribution,8000,48000,0.1,43200.0
1633,2023-09-22,103,3,Ujjain,Distribution Board,Distribution,8000,24000,0.05,22800.0
1635,2023-07-25,103,3,Ujjain,Distribution Board,Distribution,8000,24000,0.05,22800.0
1637,2024-01-19,103,5,Ujjain,Distribution Board,Distribution,8000,40000,0.1,36000.0
1641,2023-05-24,103,5,Indore,Distribution Board,Distribution,8000,40000,0.1,36000.0
1644,2023-04-09,103,4,Bhopal,Distribution Board,Distribution,8000,32000,0.1,28800.0
1645,2024-01-31,103,7,Dewas,Distribution Board,Distribution,8000,56000,0.1,50400.0
1648,2023-02-22,103,3,Indore,Distribution Board,Distribution,8000,24000,0.1,21600.0
1654,2023-06-30,103,9,Indore,Distribution Board,Distribution,8000,72000,0.0,72000.0
1657,2024-02-02,103,4,Ujjain,Distribution Board,Distribution,8000,32000,0.0,32000.0
1661,2023-06-12,103,5,Bhopal,Distribution Board,Distribution,8000,40000,0.05,38000.0
1664,2023-08-23,103,7,Pithampur,Distribution Board,Distribution,8000,56000,0.0,56000.0
1674,2023-06-23,103,4,Bhopal,Distribution Board,Distribution,8000,32000,0.0,32000.0
1681,2023-07-13,103,7,Indore,Distribution Board,Distribution,8000,56000,0.0,56000.0
1682,2023-01-05,103,6,Dewas,Distribution Board,Distribution,8000,48000,0.1,43200.0
1695,2023-10-19,103,3,Dewas,Distribution Board,Distribution,8000,24000,0.05,22800.0
1702,2023-04-01,103,9,Dewas,Distribution Board,Distribution,8000,72000,0.05,68400.0
1708,2023-06-22,103,5,Ujjain,Distribution Board,Distribution,8000,40000,0.05,38000.0
1709,2023-05-21,103,4,Bhopal,Distribution Board,Distribution,8000,32000,0.05,30400.0
1714,2023-05-28,103,1,Dewas,Distribution Board,Distribution,8000,8000,0.0,8000.0
1716,2024-01-18,103,8,Indore,Distribution Board,Distribution,8000,64000,0.0,64000.0
1717,2023-12-27,103,2,Ujjain,Distribution Board,Distribution,8000,16000,0.1,14400.0
1725,2023-04-27,103,6,Indore,Distribution Board,Distribution,8000,48000,0.05,45600.0
1730,2023-06-09,103,2,Ujjain,Distribution Board,Distribution,8000,16000,0.0,16000.0
1734,2023-05-29,103,2,Ujjain,Distribution Board,Distribution,8000,16000,0.0,16000.0
1735,2023-03-21,103,3,Dewas,Distribution Board,Distribution,8000,24000,0.1,21600.0
1736,2024-01-09,103,7,Bhopal,Distribution Board,Distribution,8000,56000,0.1,50400.0
1743,2023-05-27,103,1,Ujjain,Distribution Board,Distribution,8000,8000,0.1,7200.0
1745,2023-02-16,103,5,Pithampur,Distribution Board,Distribution,8000,40000,0.0,40000.0
1748,2023-01-14,103,4,Dewas,Distribution Board,Distribution,8000,32000,0.0,32000.0
1749,2023-05-23,103,6,Indore,Distribution Board,Distribution,8000,48000,0.1,43200.0
1755,2023-05-24,103,9,Bhopal,Distribution Board,Distribution,8000,72000,0.05,68400.0
1761,2023-06-05,103,3,Dewas,Distribution Board,Distribution,8000,24000,0.1,21600.0
1767,2023-03-31,103,7,Dewas,Distribution Board,Distribution,8000,56000,0.1,50400.0
1770,2023-11-12,103,9,Pithampur,Distribution Board,Distribution,8000,72000,0.1,64800.0
1776,2023-08-16,103,8,Pithampur,Distribution Board,Distribution,8000,64000,0.1,57600.0
1789,2024-01-06,103,2,Ujjain,Distribution Board,Distribution,8000,16000,0.0,16000.0
1795,2023-10-13,103,6,Bhopal,Distribution Board,Distribution,8000,48000,0.05,45600.0
1801,2023-10-16,103,5,Indore,Distribution Board,Distribution,8000,40000,0.1,36000.0
1802,2024-01-09,103,4,Indore,Distribution Board,Distribution,8000,32000,0.05,30400.0
1831,2023-07-21,103,3,Ujjain,Distribution Board,Distribution,8000,24000,0.05,22800.0
1833,2023-05-25,103,2,Dewas,Distribution Board,Distribution,8000,16000,0.05,15200.0
1834,2023-03-26,103,9,Dewas,Distribution Board,Distribution,8000,72000,0.1,64800.0
1843,2023-10-15,103,5,Bhopal,Distribution Board,Distribution,8000,40000,0.0,40000.0
1844,2023-02-03,103,3,Dewas,Distribution Board,Distribution,8000,24000,0.1,21600.0
1849,2023-06-03,103,2,Bhopal,Distribution Board,Distribution,8000,16000,0.05,15200.0
1853,2023-09-16,103,1,Pithampur,Distribution Board,Distribution,8000,8000,0.05,7600.0
1860,2023-08-10,103,3,Indore,Distribution Board,Distribution,8000,24000,0.0,24000.0
1862,2023-11-09,103,8,Pithampur,Distribution Board,Distribution,8000,64000,0.1,57600.0
1867,2023-08-17,103,1,Indore,Distribution Board,Distribution,8000,8000,0.05,7600.0
1871,2023-03-16,103,3,Indore,Distribution Board,Distribution,8000,24000,0.0,24000.0
1874,2023-09-09,103,6,Indore,Distribution Board,Distribution,8000,48000,0.05,45600.0
1875,2023-08-14,103,5,Ujjain,Distribution Board,Distribution,8000,40000,0.0,40000.0
1878,2023-04-08,103,5,Pithampur,Distribution Board,Distribution,8000,40000,0.0,40000.0
1879,2023-12-04,103,5,Pithampur,Distribution Board,Distribution,8000,40000,0.1,36000.0
1897,2023-11-26,103,3,Dewas,Distribution Board,Distribution,8000,24000,0.05,22800.0
1908,2023-08-28,103,3,Indore,Distribution Board,Distribution,8000,24000,0.1,21600.0
1909,2024-01-06,103,3,Dewas,Distribution Board,Distribution,8000,24000,0.05,22800.0
1913,2023-07-02,103,4,Dewas,Distribution Board,Distribution,8000,32000,0.1,28800.0
1918,2023-01-08,103,3,Dewas,Distribution Board,Distribution,8000,24000,0.05,22800.0
1934,2023-01-05,103,9,Pithampur,Distribution Board,Distribution,8000,72000,0.1,64800.0
1939,2023-11-22,103,9,Ujjain,Distribution Board,Distribution,8000,72000,0.0,72000.0
1946,2023-02-03,103,2,Ujjain,Distribution Board,Distribution,8000,16000,0.05,15200.0
1948,2023-08-06,103,5,Pithampur,Distribution Board,Distribution,8000,40000,0.05,38000.0
1957,2023-02-25,103,4,Bhopal,Distribution Board,Distribution,8000,32000,0.0,32000.0
1964,2023-01-26,103,7,Pithampur,Distribution Board,Distribution,8000,56000,0.1,50400.0
1974,2023-05-07,103,6,Bhopal,Distribution Board,Distribution,8000,48000,0.05,45600.0
1985,2023-07-06,103,2,Dewas,Distribution Board,Distribution,8000,16000,0.05,15200.0
1988,2023-01-07,103,7,Dewas,Distribution Board,Distribution,8000,56000,0.1,50400.0
1992,2023-12-29,103,7,Indore,Distribution Board,Distribution,8000,56000,0.0,56000.0
1998,2023-01-15,103,1,Dewas,Distribution Board,Distribution,8000,8000,0.1,7200.0
1999,2023-07-11,103,6,Dewas,Distribution Board,Distribution,8000,48000,0.1,43200.0
